WigleWifi-1.4,appRelease=2.26,model=Uniden C505,release=5.1,device=Uniden C505,display=V510_IS_CY_MT6735M_L1_V1.4,board=MT6735P,brand=Uniden
MAC,SSID,AuthMode,FirstSeen,Channel,RSSI,CurrentLatitude,CurrentLongitude,AltitudeMeters,AccuracyMeters,Type
40:a5:ef:7a:17:f2,2.4V1,[WPA2-PSK-CCMP][WPS][ESS],2017-12-04 14:27:45,6,-84,32.1034666666667,35.2086083333333,629.7,4.69999980926514,WIFI
ec:8c:a2:08:94:18,Ariel_University,[ESS],2017-12-04 14:27:45,1,-73,32.1034666666667,35.2086083333333,629.7,4.69999980926514,WIFI
1c:b9:c4:16:d2:88,Ariel_University,[ESS],2017-12-04 14:27:45,11,-73,32.1034666666667,35.2086083333333,629.7,4.69999980926514,WIFI
42502_811_3868449,GOLAN T,UNKNOWN;il,2017-12-04 14:27:45,0,-83,32.1034666666667,35.2086083333333,629.7,4.69999980926514,GSM
1c:b9:c4:16:f4:78,Ariel_University,[ESS],2017-12-04 14:27:47,1,-77,32.1035033333333,35.2086416666667,629.7,4,WIFI
42502_811_3868449,GOLAN T,UNKNOWN;il,2017-12-04 14:27:47,0,-75,32.1035033333333,35.2086416666667,629.7,4,GSM
40:a5:ef:7a:17:f2,2.4V1,[WPA2-PSK-CCMP][WPS][ESS],2017-12-04 14:27:49,6,-79,32.1034833333333,35.2086883333333,629.8,3.29999995231628,WIFI
00:27:22:f3:bb:3a,,[ESS],2017-12-04 14:27:51,6,-81,32.1034883333333,35.2087083333333,629.8,3.20000004768372,WIFI
ec:8c:a2:09:03:38,Ariel_University,[ESS],2017-12-04 14:27:53,11,-85,32.1034866666667,35.20873,629.8,3.09999990463257,WIFI
78:11:dc:1a:cf:d0,TamiRacheli,[WPA-PSK-CCMP+TKIP][WPA2-PSK-CCMP+TKIP][WPS][ESS],2017-12-04 14:27:56,8,-81,32.1035133333333,35.2087566666667,629.7,3.09999990463257,WIFI
ec:8c:a2:08:78:38,Ariel_University,[ESS],2017-12-04 14:28:02,1,-85,32.1034733333333,35.208785,629.5,2.90000009536743,WIFI
ec:8c:a2:08:94:18,Ariel_University,[ESS],2017-12-04 14:28:05,1,-63,32.1034783333333,35.2087933333333,629.4,3,WIFI
1c:b9:c4:12:7c:c8,Ariel_University,[ESS],2017-12-04 14:28:05,11,-69,32.1034783333333,35.2087933333333,629.4,3,WIFI
1c:b9:c4:16:13:08,Ariel_University,[ESS],2017-12-04 14:28:07,11,-75,32.10348,35.2087983333333,629.3,3.09999990463257,WIFI
1c:b9:c4:12:90:b8,Ariel_University,[ESS],2017-12-04 14:28:07,11,-80,32.10348,35.2087983333333,629.3,3.09999990463257,WIFI
ec:8c:a2:08:78:c8,Ariel_University,[ESS],2017-12-04 14:28:07,6,-86,32.10348,35.2087983333333,629.3,3.09999990463257,WIFI
00:02:6f:b8:c4:1a,,[ESS],2017-12-04 14:28:07,11,-85,32.10348,35.2087983333333,629.3,3.09999990463257,WIFI
f8:d1:11:77:77:c6,HelpDesk,[WPA-PSK-CCMP+TKIP][WPA2-PSK-CCMP+TKIP][ESS],2017-12-04 14:28:10,4,-86,32.103465,35.2088116666667,629.3,3.09999990463257,WIFI
1c:b9:c4:16:28:e8,Ariel_University,[ESS],2017-12-04 14:28:10,1,-78,32.103465,35.2088116666667,629.3,3.09999990463257,WIFI
1c:b9:c4:12:7c:c8,Ariel_University,[ESS],2017-12-04 14:28:14,11,-64,32.1034316666667,35.2088316666667,629.3,3.09999990463257,WIFI
1c:b9:c4:12:90:b8,Ariel_University,[ESS],2017-12-04 14:28:16,11,-67,32.1034416666667,35.2088066666667,629.3,3,WIFI
1c:b9:c4:14:2f:68,Ariel_University,[ESS],2017-12-04 14:28:16,6,-86,32.1034416666667,35.2088066666667,629.3,3,WIFI
f8:d1:11:77:77:c6,HelpDesk,[WPA-PSK-CCMP+TKIP][WPA2-PSK-CCMP+TKIP][ESS],2017-12-04 14:28:22,4,-81,32.1034433333333,35.208865,629.2,2.90000009536743,WIFI
8c:0c:90:2d:75:e8,Ariel_University,[ESS],2017-12-04 14:28:22,1,-83,32.1034433333333,35.208865,629.2,2.90000009536743,WIFI
1c:b9:c4:16:f4:78,Ariel_University,[ESS],2017-12-04 14:28:23,1,-69,32.1034366666667,35.208885,629.2,2.90000009536743,WIFI
8c:0c:90:2d:75:e8,Ariel_University,[ESS],2017-12-04 14:28:24,1,-71,32.10343,35.2088983333333,629.1,2.90000009536743,WIFI
1c:b9:c4:14:2f:68,Ariel_University,[ESS],2017-12-04 14:28:26,6,-76,32.1034083333333,35.2089066666667,629.1,2.79999995231628,WIFI
8c:0c:90:ad:75:e3,,[WPA2-PSK-CCMP][ESS],2017-12-04 14:28:26,1,-82,32.1034083333333,35.2089066666667,629.1,2.79999995231628,WIFI
1c:b9:c4:16:f4:28,Ariel_University,[ESS],2017-12-04 14:28:26,11,-84,32.1034083333333,35.2089066666667,629.1,2.79999995231628,WIFI
1c:b9:c4:16:28:f8,Ariel_University,[ESS],2017-12-04 14:28:28,6,-80,32.1033816666667,35.2089233333333,629.1,2.79999995231628,WIFI
1c:b9:c4:16:f4:28,Ariel_University,[ESS],2017-12-04 14:28:32,11,-78,32.1033266666667,35.2089283333333,629.1,2.59999990463257,WIFI
ec:8c:a2:26:b1:78,Ariel_University,[ESS],2017-12-04 14:28:32,1,-87,32.1033266666667,35.2089283333333,629.1,2.59999990463257,WIFI
f8:d1:11:77:77:c6,HelpDesk,[WPA-PSK-CCMP+TKIP][WPA2-PSK-CCMP+TKIP][ESS],2017-12-04 14:28:36,4,-73,32.103285,35.20894,629.2,2.59999990463257,WIFI
1c:b9:c4:14:33:c8,Ariel_University,[ESS],2017-12-04 14:28:39,11,-85,32.1032683333333,35.2089566666667,629.3,2.5,WIFI
1c:b9:c4:12:7c:c8,Ariel_University,[ESS],2017-12-04 14:28:40,11,-54,32.1032633333333,35.2089633333333,629.3,2.5,WIFI
8c:0c:90:ad:75:e3,,[WPA2-PSK-CCMP][ESS],2017-12-04 14:28:40,1,-69,32.1032633333333,35.2089633333333,629.3,2.5,WIFI
8c:0c:90:2d:75:e8,Ariel_University,[ESS],2017-12-04 14:28:44,1,-66,32.1032516666667,35.2089983333333,629.2,2.40000009536743,WIFI
1c:b9:c4:14:2f:68,Ariel_University,[ESS],2017-12-04 14:30:16,6,-55,32.1026183333333,35.2092283333333,641.4,2.40000009536743,WIFI
1c:b9:c4:16:f4:28,Ariel_University,[ESS],2017-12-04 14:30:16,11,-68,32.1026183333333,35.2092283333333,641.4,2.40000009536743,WIFI
1c:b9:c4:16:28:f8,Ariel_University,[ESS],2017-12-04 14:30:16,6,-71,32.1026183333333,35.2092283333333,641.4,2.40000009536743,WIFI
ec:8c:a2:26:b1:78,Ariel_University,[ESS],2017-12-04 14:30:16,1,-59,32.1026183333333,35.2092283333333,641.4,2.40000009536743,WIFI
1c:b9:c4:14:33:c8,Ariel_University,[ESS],2017-12-04 14:30:16,11,-76,32.1026183333333,35.2092283333333,641.4,2.40000009536743,WIFI
1c:b9:c4:16:11:a8,Ariel_University,[ESS],2017-12-04 14:30:16,1,-62,32.1026183333333,35.2092283333333,641.4,2.40000009536743,WIFI
62:ab:1b:60:b4:cb,Bezeq Free,[WPA2-PSK-CCMP][ESS],2017-12-04 14:30:16,8,-73,32.1026183333333,35.2092283333333,641.4,2.40000009536743,WIFI
a0:ab:1b:60:b4:ca,036518749,[WPA2-PSK-CCMP][ESS],2017-12-04 14:30:16,8,-74,32.1026183333333,35.2092283333333,641.4,2.40000009536743,WIFI
1c:b9:c4:16:f1:48,Ariel_University,[ESS],2017-12-04 14:30:16,1,-70,32.1026183333333,35.2092283333333,641.4,2.40000009536743,WIFI
1c:b9:c4:15:3d:58,Ariel_University,[ESS],2017-12-04 14:30:16,11,-71,32.1026183333333,35.2092283333333,641.4,2.40000009536743,WIFI
1c:b9:c4:15:ec:38,Ariel_University,[ESS],2017-12-04 14:30:16,6,-78,32.1026183333333,35.2092283333333,641.4,2.40000009536743,WIFI
1c:b9:c4:15:ed:78,Ariel_University,[ESS],2017-12-04 14:30:16,6,-80,32.1026183333333,35.2092283333333,641.4,2.40000009536743,WIFI
42502_811_3868448,GOLAN T,UNKNOWN;il,2017-12-04 14:30:16,0,-91,32.1026183333333,35.2092283333333,641.4,2.40000009536743,GSM
1c:b9:c4:14:2b:d8,Ariel_University,[ESS],2017-12-04 14:30:19,1,-72,32.10261,35.2092133333333,641.4,2.59999990463257,WIFI
1c:b9:c4:14:2c:18,Ariel_University,[ESS],2017-12-04 14:30:19,1,-72,32.10261,35.2092133333333,641.4,2.59999990463257,WIFI
1c:b9:c4:16:04:78,Ariel_University,[ESS],2017-12-04 14:30:19,11,-80,32.10261,35.2092133333333,641.4,2.59999990463257,WIFI
1c:b9:c4:16:f4:78,Ariel_University,[ESS],2017-12-04 14:30:51,1,-78,32.1022716666667,35.2093533333333,644.5,2.5,WIFI
a0:8c:fd:0a:d5:f5,DIRECT-F4-HP DeskJet 3630 series,[WPA2-PSK-CCMP][ESS],2017-12-04 14:30:51,6,-75,32.1022716666667,35.2093533333333,644.5,2.5,WIFI
fc:3f:db:9c:36:3d,DIRECT-5C-HP DeskJet 3630 series,[WPA2-PSK-CCMP][ESS][P2P],2017-12-04 14:30:51,6,-77,32.1022716666667,35.2093533333333,644.5,2.5,WIFI
3c:52:82:ef:d4:56,DIRECT-55-HP DeskJet 3630 series,[WPA2-PSK-CCMP][ESS],2017-12-04 14:30:51,6,-83,32.1022716666667,35.2093533333333,644.5,2.5,WIFI
c4:12:f5:f6:a0:18,lab_6.1.3,[WPA2-PSK-CCMP][ESS],2017-12-04 14:30:51,3,-83,32.1022716666667,35.2093533333333,644.5,2.5,WIFI
30:e1:71:0f:a2:72,DIRECT-71-HP DeskJet 3630 series,[WPA2-PSK-CCMP][ESS],2017-12-04 14:30:51,6,-83,32.1022716666667,35.2093533333333,644.5,2.5,WIFI
1c:b9:c4:15:3a:38,Ariel_University,[ESS],2017-12-04 14:30:51,11,-76,32.1022716666667,35.2093533333333,644.5,2.5,WIFI
1c:b9:c4:16:f1:98,Ariel_University,[ESS],2017-12-04 14:30:51,11,-80,32.1022716666667,35.2093533333333,644.5,2.5,WIFI
1c:b9:c4:15:3d:68,Ariel_University,[ESS],2017-12-04 14:30:51,6,-82,32.1022716666667,35.2093533333333,644.5,2.5,WIFI
1c:b9:c4:15:1e:68,Ariel_University,[ESS],2017-12-04 14:30:51,1,-83,32.1022716666667,35.2093533333333,644.5,2.5,WIFI
1c:b9:c4:15:1b:88,Ariel_University,[ESS],2017-12-04 14:30:51,11,-84,32.1022716666667,35.2093533333333,644.5,2.5,WIFI
42502_811_3868449,GOLAN T,UNKNOWN;il,2017-12-04 14:30:51,0,-99,32.1022716666667,35.2093533333333,644.5,2.5,GSM
1c:b9:c4:16:04:78,Ariel_University,[ESS],2017-12-04 14:30:54,11,-75,32.1022733333333,35.2093866666667,645.1,2.5,WIFI
42502_811_3931936,GOLAN T,UNKNOWN;il,2017-12-04 14:30:54,0,-97,32.1022733333333,35.2093866666667,645.1,2.5,GSM
1c:b9:c4:15:3d:58,Ariel_University,[ESS],2017-12-04 14:30:56,11,-65,32.1022566666667,35.2094166666667,645.6,2.70000004768372,WIFI
1c:b9:c4:15:3a:38,Ariel_University,[ESS],2017-12-04 14:30:56,11,-69,32.1022566666667,35.2094166666667,645.6,2.70000004768372,WIFI
c0:bd:d1:fe:c8:1e,AndroidAP,[WPA2-PSK-CCMP][ESS],2017-12-04 14:30:56,11,-72,32.1022566666667,35.2094166666667,645.6,2.70000004768372,WIFI
1c:b9:c4:16:04:78,Ariel_University,[ESS],2017-12-04 14:30:59,11,-64,32.1022133333333,35.209475,647.4,2.70000004768372,WIFI
3c:52:82:ef:d4:56,DIRECT-55-HP DeskJet 3630 series,[WPA2-PSK-CCMP][ESS],2017-12-04 14:30:59,6,-77,32.1022133333333,35.209475,647.4,2.70000004768372,WIFI
30:e1:71:0f:a2:72,DIRECT-71-HP DeskJet 3630 series,[WPA2-PSK-CCMP][ESS],2017-12-04 14:30:59,6,-76,32.1022133333333,35.209475,647.4,2.70000004768372,WIFI
00:11:6b:11:02:b7,yosh,[ESS],2017-12-04 14:30:59,1,-88,32.1022133333333,35.209475,647.4,2.70000004768372,WIFI
1c:b9:c4:15:1b:88,Ariel_University,[ESS],2017-12-04 14:31:00,11,-77,32.1022183333333,35.20948,647.7,2.70000004768372,WIFI
30:e1:71:0f:a2:72,DIRECT-71-HP DeskJet 3630 series,[WPA2-PSK-CCMP][ESS],2017-12-04 14:31:03,6,-66,32.1021983333333,35.20951,648.7,2.59999990463257,WIFI
42502_811_3868448,GOLAN T,UNKNOWN;il,2017-12-04 14:31:03,0,-85,32.1021983333333,35.20951,648.7,2.59999990463257,GSM
1c:b9:c4:15:3d:68,Ariel_University,[ESS],2017-12-04 14:31:06,6,-77,32.1021883333333,35.20954,649.5,2.5,WIFI
1c:b9:c4:15:1e:68,Ariel_University,[ESS],2017-12-04 14:31:06,1,-74,32.1021883333333,35.20954,649.5,2.5,WIFI
1c:b9:c4:15:ed:78,Ariel_University,[ESS],2017-12-04 14:31:09,6,-75,32.1021616666667,35.2095833333333,650.2,2.5,WIFI
40:a5:ef:7a:17:f2,2.4V1,[WPA2-PSK-CCMP][WPS][ESS],2017-12-04 14:31:17,6,-88,32.102135,35.2096566666667,651.6,2.20000004768372,WIFI
40:a5:ef:7a:17:f2,2.4V1,[WPA2-PSK-CCMP][WPS][ESS],2017-12-04 14:31:22,6,-81,32.102105,35.2097066666667,652.4,2.29999995231628,WIFI
1c:b9:c4:12:90:b8,Ariel_University,[ESS],2017-12-04 14:31:22,11,-88,32.102105,35.2097066666667,652.4,2.29999995231628,WIFI
e4:6f:13:70:8c:fc,The Slav Squad,[WPA2-PSK-CCMP][ESS],2017-12-04 14:31:27,5,-88,32.10211,35.2097366666667,653.6,2.29999995231628,WIFI
14:ae:db:cc:1a:8d,gilo1,[WPA2-PSK-CCMP][WPS][ESS],2017-12-04 14:31:34,13,-85,32.1021716666667,35.2097883333333,654.6,3.20000004768372,WIFI
a0:ab:1b:56:6e:de,ola,[WPA2-PSK-CCMP][ESS],2017-12-04 14:31:36,13,-83,32.10218,35.2097983333333,654.6,3.09999990463257,WIFI
14:ae:db:4f:50:75,GuyEmily,[WPA-PSK-CCMP+TKIP][WPA2-PSK-CCMP+TKIP][WPS][ESS],2017-12-04 14:31:36,6,-83,32.10218,35.2097983333333,654.6,3.09999990463257,WIFI
14:ae:db:c0:84:6d,gilo 11,[WPA2-PSK-CCMP][ESS],2017-12-04 14:31:36,1,-88,32.10218,35.2097983333333,654.6,3.09999990463257,WIFI
84:c9:b2:b7:c8:2d,Bezeq,[WPA2-PSK-CCMP][ESS],2017-12-04 14:31:36,6,-89,32.10218,35.2097983333333,654.6,3.09999990463257,WIFI
1c:b9:c4:16:f1:98,Ariel_University,[ESS],2017-12-04 14:31:38,11,-73,32.1021866666667,35.209795,654.8,3.09999990463257,WIFI
30:e1:71:0f:a2:72,DIRECT-71-HP DeskJet 3630 series,[WPA2-PSK-CCMP][ESS],2017-12-04 14:31:39,6,-59,32.1021866666667,35.2097933333333,654.9,3,WIFI
30:e1:71:0f:a2:72,DIRECT-71-HP DeskJet 3630 series,[WPA2-PSK-CCMP][ESS],2017-12-04 14:31:41,6,-43,32.1021916666667,35.209785,655.3,3.09999990463257,WIFI
1c:b9:c4:16:ed:38,Ariel_University,[ESS],2017-12-04 14:31:41,6,-88,32.1021916666667,35.209785,655.3,3.09999990463257,WIFI
1c:b9:c4:15:1b:88,Ariel_University,[ESS],2017-12-04 14:31:45,11,-72,32.1021883333333,35.2097533333333,656.5,3.20000004768372,WIFI
1c:b9:c4:14:2c:38,Ariel_University,[ESS],2017-12-04 14:31:45,6,-87,32.1021883333333,35.2097533333333,656.5,3.20000004768372,WIFI
1c:b9:c4:15:3d:58,Ariel_University,[ESS],2017-12-04 14:31:50,11,-55,32.102205,35.209715,656.8,3.40000009536743,WIFI
1c:b9:c4:15:1b:88,Ariel_University,[ESS],2017-12-04 14:31:53,11,-56,32.1022166666667,35.209685,656.7,3.5,WIFI
1c:b9:c4:15:3d:68,Ariel_University,[ESS],2017-12-04 14:31:55,6,-69,32.1022383333333,35.2096533333333,656.7,3.59999990463257,WIFI
a0:ab:1b:60:b4:ca,036518749,[WPA2-PSK-CCMP][ESS],2017-12-04 14:31:55,8,-67,32.1022383333333,35.2096533333333,656.7,3.59999990463257,WIFI
1c:b9:c4:14:2c:38,Ariel_University,[ESS],2017-12-04 14:31:55,6,-76,32.1022383333333,35.2096533333333,656.7,3.59999990463257,WIFI
1c:b9:c4:15:1b:88,Ariel_University,[ESS],2017-12-04 14:31:57,11,-51,32.1022733333333,35.2096516666667,656.6,3.59999990463257,WIFI
1c:b9:c4:15:43:e8,Ariel_University,[ESS],2017-12-04 14:31:57,1,-81,32.1022733333333,35.2096516666667,656.6,3.59999990463257,WIFI
62:ab:1b:60:b4:cb,Bezeq Free,[WPA2-PSK-CCMP][ESS],2017-12-04 14:32:05,8,-66,32.1023333333333,35.2095333333333,658.1,3.40000009536743,WIFI
ec:8c:a2:26:b1:78,Ariel_University,[ESS],2017-12-04 14:32:12,1,-53,32.1024183333333,35.209425,659.2,3.59999990463257,WIFI
62:ab:1b:60:b4:cb,Bezeq Free,[WPA2-PSK-CCMP][ESS],2017-12-04 14:32:12,8,-60,32.1024183333333,35.209425,659.2,3.59999990463257,WIFI
a0:ab:1b:60:b4:ca,036518749,[WPA2-PSK-CCMP][ESS],2017-12-04 14:32:12,8,-60,32.1024183333333,35.209425,659.2,3.59999990463257,WIFI
1c:b9:c4:15:43:e8,Ariel_University,[ESS],2017-12-04 14:32:15,1,-76,32.1024666666667,35.20944,660.2,3.5,WIFI
1c:b9:c4:14:30:38,Ariel_University,[ESS],2017-12-04 14:32:15,1,-85,32.1024666666667,35.20944,660.2,3.5,WIFI
42502_811_3931936,GOLAN T,UNKNOWN;il,2017-12-04 14:32:15,0,-91,32.1024666666667,35.20944,660.2,3.5,GSM
1c:b9:c4:16:28:f8,Ariel_University,[ESS],2017-12-04 14:32:16,6,-65,32.1024816666667,35.2094533333333,660.3,3.5,WIFI
1c:b9:c4:15:ed:78,Ariel_University,[ESS],2017-12-04 14:32:16,6,-63,32.1024816666667,35.2094533333333,660.3,3.5,WIFI
1c:b9:c4:16:f1:98,Ariel_University,[ESS],2017-12-04 14:32:16,11,-67,32.1024816666667,35.2094533333333,660.3,3.5,WIFI
62:ab:1b:60:b4:cb,Bezeq Free,[WPA2-PSK-CCMP][ESS],2017-12-04 14:32:16,8,-48,32.1024816666667,35.2094533333333,660.3,3.5,WIFI
a0:ab:1b:60:b4:ca,036518749,[WPA2-PSK-CCMP][ESS],2017-12-04 14:32:16,8,-49,32.1024816666667,35.2094533333333,660.3,3.5,WIFI
1c:b9:c4:16:f4:78,Ariel_University,[ESS],2017-12-04 14:32:18,1,-69,32.1025,35.209475,660.6,3.40000009536743,WIFI
1c:b9:c4:14:33:c8,Ariel_University,[ESS],2017-12-04 14:32:18,11,-67,32.1025,35.209475,660.6,3.40000009536743,WIFI
1c:b9:c4:16:11:a8,Ariel_University,[ESS],2017-12-04 14:32:18,1,-57,32.1025,35.209475,660.6,3.40000009536743,WIFI
1c:b9:c4:15:43:e8,Ariel_University,[ESS],2017-12-04 14:32:18,1,-68,32.1025,35.209475,660.6,3.40000009536743,WIFI
1c:b9:c4:12:90:b8,Ariel_University,[ESS],2017-12-04 14:32:20,11,-74,32.1025233333333,35.209485,661.5,3,WIFI
1c:b9:c4:16:ed:38,Ariel_University,[ESS],2017-12-04 14:32:25,6,-75,32.1025566666667,35.20948,662.2,2.90000009536743,WIFI
1c:b9:c4:12:af:78,Ariel_University,[ESS],2017-12-04 14:32:30,11,-74,32.1025983333333,35.2094633333333,662.3,3,WIFI
a0:8c:fd:0a:52:01,DIRECT-02-HP DeskJet 3630 series,[WPA2-PSK-CCMP][ESS],2017-12-04 14:32:31,3,-78,32.1025966666667,35.2094483333333,662.4,3,WIFI
3c:52:82:ef:c4:3c,DIRECT-3B-HP DeskJet 3630 series,[WPA2-PSK-CCMP][ESS],2017-12-04 14:32:31,6,-83,32.1025966666667,35.2094483333333,662.4,3,WIFI
1c:b9:c4:15:ec:38,Ariel_University,[ESS],2017-12-04 14:32:33,6,-70,32.1026233333333,35.2094383333333,662.6,3,WIFI
42502_811_3868449,GOLAN T,UNKNOWN;il,2017-12-04 14:32:35,0,-93,32.1026466666667,35.2094266666667,662.8,3,GSM
1c:b9:c4:14:30:38,Ariel_University,[ESS],2017-12-04 14:32:36,1,-74,32.1026683333333,35.2094316666667,662.8,3,WIFI
1c:b9:c4:12:af:78,Ariel_University,[ESS],2017-12-04 14:32:36,11,-69,32.1026683333333,35.2094316666667,662.8,3,WIFI
a0:8c:fd:0a:52:01,DIRECT-02-HP DeskJet 3630 series,[WPA2-PSK-CCMP][ESS],2017-12-04 14:32:38,3,-68,32.1026933333333,35.209425,662.7,3,WIFI
00:1d:aa:81:d8:3c,KCG-ADSL,[WPA2-PSK-CCMP][WPS][ESS],2017-12-04 14:32:38,3,-78,32.1026933333333,35.209425,662.7,3,WIFI
1c:b9:c4:12:90:b8,Ariel_University,[ESS],2017-12-04 14:32:41,11,-68,32.1027333333333,35.2094333333333,662.8,3.09999990463257,WIFI
1c:b9:c4:16:28:e8,Ariel_University,[ESS],2017-12-04 14:32:43,1,-73,32.1027616666667,35.209445,662.7,3.09999990463257,WIFI
1c:b9:c4:16:f4:28,Ariel_University,[ESS],2017-12-04 14:32:44,11,-63,32.1027716666667,35.209445,662.7,3.20000004768372,WIFI
a0:8c:fd:0a:52:01,DIRECT-02-HP DeskJet 3630 series,[WPA2-PSK-CCMP][ESS],2017-12-04 14:32:44,3,-57,32.1027716666667,35.209445,662.7,3.20000004768372,WIFI
ec:8c:a2:08:78:c8,Ariel_University,[ESS],2017-12-04 14:32:47,6,-79,32.1028,35.2094333333333,662.6,3.40000009536743,WIFI
34:8f:27:20:8c:18,Ariel_University,[ESS],2017-12-04 14:32:58,6,-79,32.10277,35.2094133333333,662.1,4.59999990463257,WIFI
24:79:2a:2c:3d:68,Ariel_University,[ESS],2017-12-04 14:32:58,6,-83,32.10277,35.2094133333333,662.1,4.59999990463257,WIFI
ec:8c:a2:08:78:c8,Ariel_University,[ESS],2017-12-04 14:32:59,6,-72,32.10277,35.2094133333333,662.1,4.69999980926514,WIFI
1c:b9:c4:16:f1:58,Ariel_University,[ESS],2017-12-04 14:33:12,6,-75,32.10277,35.2094133333333,662.1,5.09999990463257,WIFI
1c:b9:c4:14:2b:88,Ariel_University,[ESS],2017-12-04 14:33:12,11,-76,32.10277,35.2094133333333,662.1,5.09999990463257,WIFI
ec:8c:a2:08:78:c8,Ariel_University,[ESS],2017-12-04 14:33:14,6,-67,32.1028633333333,35.209485,660.2,4.90000009536743,WIFI
1c:b9:c4:15:3d:58,Ariel_University,[ESS],2017-12-04 14:33:40,11,-73,32.10322,35.2095233333333,659.2,6.5,WIFI
1c:b9:c4:16:04:78,Ariel_University,[ESS],2017-12-04 14:33:40,11,-76,32.10322,35.2095233333333,659.2,6.5,WIFI
1c:b9:c4:15:1e:68,Ariel_University,[ESS],2017-12-04 14:33:40,1,-87,32.10322,35.2095233333333,659.2,6.5,WIFI
1c:b9:c4:15:3a:38,Ariel_University,[ESS],2017-12-04 14:33:43,11,-83,32.1032733333333,35.20955,659.2,6.5,WIFI
1c:b9:c4:15:3d:68,Ariel_University,[ESS],2017-12-04 14:33:43,6,-87,32.1032733333333,35.20955,659.2,6.5,WIFI
1c:b9:c4:14:2c:38,Ariel_University,[ESS],2017-12-04 14:33:43,6,-80,32.1032733333333,35.20955,659.2,6.5,WIFI
1c:b9:c4:15:1b:88,Ariel_University,[ESS],2017-12-04 14:33:44,11,-74,32.1032966666667,35.2095516666667,659.3,6.30000019073486,WIFI
42502_811_3868449,GOLAN T,UNKNOWN;il,2017-12-04 14:33:49,0,-83,32.103365,35.2094933333333,660.2,5.80000019073486,GSM
1c:b9:c4:16:13:08,Ariel_University,[ESS],2017-12-04 14:33:50,11,-67,32.1033783333333,35.209475,660.8,5.80000019073486,WIFI
1c:b9:c4:16:e5:a8,Ariel_University,[ESS],2017-12-04 14:33:50,6,-86,32.1033783333333,35.209475,660.8,5.80000019073486,WIFI
ec:8c:a2:26:b1:78,Ariel_University,[ESS],2017-12-04 14:33:55,1,-62,32.1034266666667,35.2093966666667,663.5,5.59999990463257,WIFI
fc:3f:db:9c:43:33,DIRECT-32-HP DeskJet 3630 series,[WPA2-PSK-CCMP][WPS][ESS][P2P],2017-12-04 14:33:55,6,-75,32.1034266666667,35.2093966666667,663.5,5.59999990463257,WIFI
1c:b9:c4:16:13:08,Ariel_University,[ESS],2017-12-04 14:33:59,11,-52,32.1034616666667,35.209345,664.9,5.40000009536743,WIFI
fc:3f:db:9c:43:33,DIRECT-32-HP DeskJet 3630 series,[WPA2-PSK-CCMP][WPS][ESS][P2P],2017-12-04 14:33:59,6,-65,32.1034616666667,35.209345,664.9,5.40000009536743,WIFI
1c:b9:c4:16:13:08,Ariel_University,[ESS],2017-12-04 14:34:01,11,-41,32.1034733333333,35.2093233333333,665.3,5.40000009536743,WIFI
1c:b9:c4:16:28:f8,Ariel_University,[ESS],2017-12-04 14:34:03,6,-87,32.103485,35.2093083333333,665.7,5.5,WIFI
1c:b9:c4:15:ed:78,Ariel_University,[ESS],2017-12-04 14:34:03,6,-77,32.103485,35.2093083333333,665.7,5.5,WIFI
1c:b9:c4:16:f1:98,Ariel_University,[ESS],2017-12-04 14:34:03,11,-67,32.103485,35.2093083333333,665.7,5.5,WIFI
ec:8c:a2:26:d3:68,Ariel_University,[ESS],2017-12-04 14:34:03,11,-79,32.103485,35.2093083333333,665.7,5.5,WIFI
fc:3f:db:9c:43:33,DIRECT-32-HP DeskJet 3630 series,[WPA2-PSK-CCMP][WPS][ESS][P2P],2017-12-04 14:34:05,6,-58,32.103495,35.2092866666667,666.5,5.40000009536743,WIFI
1c:b9:c4:16:f4:78,Ariel_University,[ESS],2017-12-04 14:34:07,1,-86,32.103515,35.2092833333333,667.1,5.40000009536743,WIFI
1c:b9:c4:14:33:c8,Ariel_University,[ESS],2017-12-04 14:34:07,11,-67,32.103515,35.2092833333333,667.1,5.40000009536743,WIFI
1c:b9:c4:16:11:a8,Ariel_University,[ESS],2017-12-04 14:34:07,1,-89,32.103515,35.2092833333333,667.1,5.40000009536743,WIFI
1c:b9:c4:15:43:e8,Ariel_University,[ESS],2017-12-04 14:34:07,1,-78,32.103515,35.2092833333333,667.1,5.40000009536743,WIFI
8c:0c:90:6e:16:88,,[WPA2-PSK-CCMP][ESS],2017-12-04 14:34:07,11,-70,32.103515,35.2092833333333,667.1,5.40000009536743,WIFI
30:e1:71:0d:e0:63,DIRECT-61-HP DeskJet 3630 series,[WPA2-PSK-CCMP][ESS],2017-12-04 14:34:07,6,-82,32.103515,35.2092833333333,667.1,5.40000009536743,WIFI
8c:0c:90:2e:16:88,Ariel_University,[ESS],2017-12-04 14:34:07,11,-74,32.103515,35.2092833333333,667.1,5.40000009536743,WIFI
1c:b9:c4:16:12:e8,Ariel_University,[ESS],2017-12-04 14:34:07,1,-75,32.103515,35.2092833333333,667.1,5.40000009536743,WIFI
30:e1:71:0d:e0:63,DIRECT-61-HP DeskJet 3630 series,[WPA2-PSK-CCMP][ESS],2017-12-04 14:34:09,6,-74,32.1035283333333,35.2092833333333,667.1,5.5,WIFI
1c:b9:c4:16:ed:38,Ariel_University,[ESS],2017-12-04 14:34:14,6,-87,32.1035666666667,35.2092916666667,667.4,5.69999980926514,WIFI
1c:b9:c4:14:2b:d8,Ariel_University,[ESS],2017-12-04 14:34:19,1,-87,32.1036133333333,35.2092816666667,668.6,5.80000019073486,WIFI
1c:b9:c4:14:2c:18,Ariel_University,[ESS],2017-12-04 14:34:19,1,-82,32.1036133333333,35.2092816666667,668.6,5.80000019073486,WIFI
1c:b9:c4:16:12:e8,Ariel_University,[ESS],2017-12-04 14:34:19,1,-66,32.1036133333333,35.2092816666667,668.6,5.80000019073486,WIFI
1c:b9:c4:16:f1:48,Ariel_University,[ESS],2017-12-04 14:34:21,1,-86,32.1036333333333,35.2092933333333,668.8,5.90000009536743,WIFI
1c:b9:c4:15:ec:38,Ariel_University,[ESS],2017-12-04 14:34:21,6,-81,32.1036333333333,35.2092933333333,668.8,5.90000009536743,WIFI
1c:b9:c4:14:2f:68,Ariel_University,[ESS],2017-12-04 14:34:21,6,-76,32.1036333333333,35.2092933333333,668.8,5.90000009536743,WIFI
1c:b9:c4:16:12:e8,Ariel_University,[ESS],2017-12-04 14:34:21,1,-61,32.1036333333333,35.2092933333333,668.8,5.90000009536743,WIFI
c4:e9:84:79:64:22,Onicom-Conference,[WPA2-PSK-CCMP][WPS][ESS],2017-12-04 14:35:35,6,-60,32.10445,35.2097666666667,671,9.89999961853027,WIFI
ec:08:6b:50:6f:2c,Onicom-Conference,[WPA2-PSK-CCMP][WPS][ESS],2017-12-04 14:35:35,8,-65,32.10445,35.2097666666667,671,9.89999961853027,WIFI
30:e1:71:0d:e0:65,DIRECT-64-HP DeskJet 3630 series,[WPA2-PSK-CCMP][ESS],2017-12-04 14:35:35,6,-75,32.10445,35.2097666666667,671,9.89999961853027,WIFI
1c:b9:c4:16:24:88,Ariel_University,[ESS],2017-12-04 14:35:35,11,-65,32.10445,35.2097666666667,671,9.89999961853027,WIFI
1c:b9:c4:15:0f:38,Ariel_University,[ESS],2017-12-04 14:35:35,1,-66,32.10445,35.2097666666667,671,9.89999961853027,WIFI
1c:b9:c4:16:d3:c8,Ariel_University,[ESS],2017-12-04 14:35:35,11,-71,32.10445,35.2097666666667,671,9.89999961853027,WIFI
1c:b9:c4:16:cc:d8,Ariel_University,[ESS],2017-12-04 14:35:35,1,-73,32.10445,35.2097666666667,671,9.89999961853027,WIFI
1c:b9:c4:16:ed:48,Ariel_University,[ESS],2017-12-04 14:35:35,6,-78,32.10445,35.2097666666667,671,9.89999961853027,WIFI
b2:6c:ac:9f:f1:c5,paysday,[WPA2-PSK-CCMP-preauth][ESS],2017-12-04 14:35:35,2,-73,32.10445,35.2097666666667,671,9.89999961853027,WIFI
a2:6c:ac:9f:f1:c5,Guest,[WPA2-PSK-CCMP-preauth][ESS],2017-12-04 14:35:35,2,-73,32.10445,35.2097666666667,671,9.89999961853027,WIFI
90:6c:ac:9f:f1:c5,CliClap,[WPA2-PSK-CCMP-preauth][ESS],2017-12-04 14:35:35,2,-74,32.10445,35.2097666666667,671,9.89999961853027,WIFI
c4:12:f5:fd:6a:74,mati-sh1,[WPA2-PSK-CCMP][ESS],2017-12-04 14:35:35,9,-74,32.10445,35.2097666666667,671,9.89999961853027,WIFI
34:8f:27:60:8b:93,island-208B90,[WPA2-PSK-CCMP][ESS],2017-12-04 14:35:35,4,-77,32.10445,35.2097666666667,671,9.89999961853027,WIFI
d0:bf:9c:db:31:30,HP-Print-30-Officejet 7610,[WPA2-PSK-CCMP][ESS],2017-12-04 14:35:35,6,-80,32.10445,35.2097666666667,671,9.89999961853027,WIFI
b2:6c:ac:9f:fb:1f,iagree,[WPA2-PSK-CCMP-preauth][ESS],2017-12-04 14:35:35,1,-80,32.10445,35.2097666666667,671,9.89999961853027,WIFI
c2:6c:ac:9f:fb:1f,shapedo,[WPA2-PSK-CCMP-preauth][ESS],2017-12-04 14:35:35,1,-84,32.10445,35.2097666666667,671,9.89999961853027,WIFI
34:8f:27:20:89:b8,Ariel_University,[ESS],2017-12-04 14:35:35,6,-47,32.10445,35.2097666666667,671,9.89999961853027,WIFI
42502_22811_5359532,GOLAN T,HSPA;il,2017-12-04 14:35:35,0,-97,32.10445,35.2097666666667,671,9.89999961853027,GSM
90:6c:ac:9f:f1:c5,CliClap,[WPA2-PSK-CCMP-preauth][ESS],2017-12-04 14:35:39,2,-69,32.1044766666667,35.2097983333333,671,8.30000019073486,WIFI
30:e1:71:0d:e0:67,DIRECT-66-HP DeskJet 3630 series,[WPA2-PSK-CCMP][ESS],2017-12-04 14:35:39,6,-83,32.1044766666667,35.2097983333333,671,8.30000019073486,WIFI
b2:6c:ac:a0:3d:eb,sinusafe,[WPA2-PSK-CCMP-preauth][ESS],2017-12-04 14:35:39,3,-84,32.1044766666667,35.2097983333333,671,8.30000019073486,WIFI
24:79:2a:2b:07:b8,Ariel_University,[ESS],2017-12-04 14:35:39,11,-74,32.1044766666667,35.2097983333333,671,8.30000019073486,WIFI
42502_811_3868449,GOLAN T,UNKNOWN;il,2017-12-04 14:35:39,0,-97,32.1044766666667,35.2097983333333,671,8.30000019073486,GSM
b2:6c:ac:9f:f1:c5,paysday,[WPA2-PSK-CCMP-preauth][ESS],2017-12-04 14:35:41,2,-67,32.10447,35.209795,671,8,WIFI
a2:6c:ac:9f:f1:c5,Guest,[WPA2-PSK-CCMP-preauth][ESS],2017-12-04 14:35:41,2,-66,32.10447,35.209795,671,8,WIFI
34:8f:27:60:8b:93,island-208B90,[WPA2-PSK-CCMP][ESS],2017-12-04 14:35:41,4,-71,32.10447,35.209795,671,8,WIFI
90:6c:ac:a0:3d:eb,Guest,[WPA2-PSK-CCMP-preauth][ESS],2017-12-04 14:35:41,3,-78,32.10447,35.209795,671,8,WIFI
a2:6c:ac:9f:fb:1f,Neuropplied,[WPA2-PSK-CCMP-preauth][ESS],2017-12-04 14:35:41,1,-79,32.10447,35.209795,671,8,WIFI
a2:6c:ac:a0:3d:eb,giftwizard,[WPA2-PSK-CCMP-preauth][ESS],2017-12-04 14:35:41,3,-80,32.10447,35.209795,671,8,WIFI
90:8d:78:54:6b:4d,Salomon,[WPA2-PSK-CCMP][ESS],2017-12-04 14:35:41,1,-80,32.10447,35.209795,671,8,WIFI
90:6c:ac:9f:fb:1f,Guest,[WPA2-PSK-CCMP-preauth][ESS],2017-12-04 14:35:41,1,-84,32.10447,35.209795,671,8,WIFI
c2:6c:ac:9f:fb:1f,shapedo,[WPA2-PSK-CCMP-preauth][ESS],2017-12-04 14:35:44,1,-77,32.104515,35.2097933333333,671.1,7.90000009536743,WIFI
1c:b9:c4:15:34:b8,Ariel_University,[ESS],2017-12-04 14:35:44,6,-80,32.104515,35.2097933333333,671.1,7.90000009536743,WIFI
1c:b9:c4:15:25:48,Ariel_University,[ESS],2017-12-04 14:35:44,1,-83,32.104515,35.2097933333333,671.1,7.90000009536743,WIFI
a2:6c:ac:a0:3d:eb,giftwizard,[WPA2-PSK-CCMP-preauth][ESS],2017-12-04 14:35:47,3,-74,32.1045933333333,35.2099666666667,671.1,7.80000019073486,WIFI
1c:b9:c4:15:23:58,Ariel_University,[ESS],2017-12-04 14:35:47,6,-85,32.1045933333333,35.2099666666667,671.1,7.80000019073486,WIFI
24:79:2a:2b:02:78,Ariel_University,[ESS],2017-12-04 14:35:47,6,-86,32.1045933333333,35.2099666666667,671.1,7.80000019073486,WIFI
34:8f:27:60:8b:93,island-208B90,[WPA2-PSK-CCMP][ESS],2017-12-04 14:35:50,4,-59,32.104565,35.2101033333333,671.1,6.80000019073486,WIFI
90:8d:78:54:6b:4d,Salomon,[WPA2-PSK-CCMP][ESS],2017-12-04 14:35:50,1,-73,32.104565,35.2101033333333,671.1,6.80000019073486,WIFI
1c:b9:c4:15:34:b8,Ariel_University,[ESS],2017-12-04 14:35:50,6,-69,32.104565,35.2101033333333,671.1,6.80000019073486,WIFI
1c:b9:c4:15:23:58,Ariel_University,[ESS],2017-12-04 14:35:50,6,-75,32.104565,35.2101033333333,671.1,6.80000019073486,WIFI
24:79:2a:2b:02:78,Ariel_University,[ESS],2017-12-04 14:35:50,6,-75,32.104565,35.2101033333333,671.1,6.80000019073486,WIFI
b2:6c:ac:a0:18:29,restore,[WPA2-PSK-CCMP-preauth][ESS],2017-12-04 14:35:50,6,-84,32.104565,35.2101033333333,671.1,6.80000019073486,WIFI
f8:e9:03:12:ef:3b,ShapeDo,[WPA2-PSK-CCMP][ESS],2017-12-04 14:35:50,11,-87,32.104565,35.2101033333333,671.1,6.80000019073486,WIFI
90:6c:ac:a0:18:29,Guest,[WPA2-PSK-CCMP-preauth][ESS],2017-12-04 14:35:50,6,-87,32.104565,35.2101033333333,671.1,6.80000019073486,WIFI
1c:b9:c4:14:62:48,Ariel_University,[ESS],2017-12-04 14:35:50,11,-79,32.104565,35.2101033333333,671.1,6.80000019073486,WIFI
1c:b9:c4:16:2d:e8,Ariel_University,[ESS],2017-12-04 14:35:50,11,-86,32.104565,35.2101033333333,671.1,6.80000019073486,WIFI
9c:d2:1e:04:e6:2c,HP-Print-2c-LaserJet 400 color,[ESS],2017-12-04 14:35:50,6,-87,32.104565,35.2101033333333,671.1,6.80000019073486,WIFI
00:02:6f:b8:c4:1a,,[ESS],2017-12-04 14:35:50,11,-86,32.104565,35.2101033333333,671.1,6.80000019073486,WIFI
42502_811_3931936,GOLAN T,UNKNOWN;il,2017-12-04 14:35:50,0,-113,32.104565,35.2101033333333,671.1,6.80000019073486,GSM
c4:12:f5:fd:6a:74,mati-sh1,[WPA2-PSK-CCMP][ESS],2017-12-04 14:35:53,9,-63,32.1044733333333,35.2101683333333,671,6.30000019073486,WIFI
24:79:2a:2b:02:78,Ariel_University,[ESS],2017-12-04 14:35:53,6,-62,32.1044733333333,35.2101683333333,671,6.30000019073486,WIFI
b2:6c:ac:a0:3d:eb,sinusafe,[WPA2-PSK-CCMP-preauth][ESS],2017-12-04 14:35:53,3,-79,32.1044733333333,35.2101683333333,671,6.30000019073486,WIFI
24:79:2a:2c:5c:18,Ariel_University,[ESS],2017-12-04 14:35:53,11,-75,32.1044733333333,35.2101683333333,671,6.30000019073486,WIFI
1c:b9:c4:16:12:68,Ariel_University,[ESS],2017-12-04 14:35:53,11,-81,32.1044733333333,35.2101683333333,671,6.30000019073486,WIFI
1c:b9:c4:15:20:38,Ariel_University,[ESS],2017-12-04 14:35:53,11,-81,32.1044733333333,35.2101683333333,671,6.30000019073486,WIFI
a2:6c:ac:a0:18:29,artsim,[WPA2-PSK-CCMP-preauth][ESS],2017-12-04 14:35:57,6,-83,32.10442,35.2101316666667,670.8,5.80000019073486,WIFI
00:11:6b:2a:90:3c,Cartiheal,[WPA-PSK-CCMP+TKIP][WPA2-PSK-CCMP+TKIP][WPS][ESS],2017-12-04 14:35:57,11,-90,32.10442,35.2101316666667,670.8,5.80000019073486,WIFI
90:8d:78:54:6b:4d,Salomon,[WPA2-PSK-CCMP][ESS],2017-12-04 14:36:02,1,-67,32.1043666666667,35.2101683333333,670.9,5.69999980926514,WIFI
9c:d2:1e:04:e6:2c,HP-Print-2c-LaserJet 400 color,[ESS],2017-12-04 14:36:02,6,-79,32.1043666666667,35.2101683333333,670.9,5.69999980926514,WIFI
c4:12:f5:fd:6a:74,mati-sh1,[WPA2-PSK-CCMP][ESS],2017-12-04 14:36:05,9,-55,32.10434,35.2101866666667,670.9,5.80000019073486,WIFI
90:6c:ac:a0:18:29,Guest,[WPA2-PSK-CCMP-preauth][ESS],2017-12-04 14:36:05,6,-77,32.10434,35.2101866666667,670.9,5.80000019073486,WIFI
1c:b9:c4:15:25:48,Ariel_University,[ESS],2017-12-04 14:36:08,1,-73,32.1043166666667,35.21019,670.9,5.90000009536743,WIFI
8c:0c:90:2f:36:58,Ariel_University,[ESS],2017-12-04 14:36:08,1,-78,32.1043166666667,35.21019,670.9,5.90000009536743,WIFI
00:11:6b:11:7e:0c,yosh,[ESS],2017-12-04 14:36:08,1,-82,32.1043166666667,35.21019,670.9,5.90000009536743,WIFI
1c:b9:c4:15:20:38,Ariel_University,[ESS],2017-12-04 14:36:10,11,-74,32.1043116666667,35.210205,670.9,5.80000019073486,WIFI
8c:0c:90:6f:36:58,,[WPA2-PSK-CCMP][ESS],2017-12-04 14:36:10,1,-77,32.1043116666667,35.210205,670.9,5.80000019073486,WIFI
8c:0c:90:2d:34:38,Ariel_University,[ESS],2017-12-04 14:36:10,11,-82,32.1043116666667,35.210205,670.9,5.80000019073486,WIFI
42502_811_3868447,GOLAN T,UNKNOWN;il,2017-12-04 14:36:10,0,-95,32.1043116666667,35.210205,670.9,5.80000019073486,GSM
a2:6c:ac:a0:18:29,artsim,[WPA2-PSK-CCMP-preauth][ESS],2017-12-04 14:36:12,6,-74,32.1043133333333,35.2102283333333,670.9,5.80000019073486,WIFI
1c:b9:c4:15:44:58,Ariel_University,[ESS],2017-12-04 14:36:14,11,-89,32.1043083333333,35.2102483333333,670.9,5.90000009536743,WIFI
8c:0c:90:2f:36:58,Ariel_University,[ESS],2017-12-04 14:36:16,1,-67,32.1042933333333,35.21026,670.9,6,WIFI
1c:b9:c4:16:05:38,Ariel_University,[ESS],2017-12-04 14:36:16,11,-83,32.1042933333333,35.21026,670.9,6,WIFI
08:ed:b9:3d:8f:4b,HP-Print-4b-LaserJet 400,[ESS],2017-12-04 14:36:16,6,-90,32.1042933333333,35.21026,670.9,6,WIFI
42502_811_3868447,GOLAN T,UNKNOWN;il,2017-12-04 14:36:16,0,-81,32.1042933333333,35.21026,670.9,6,GSM
8c:0c:90:6f:36:58,,[WPA2-PSK-CCMP][ESS],2017-12-04 14:36:19,1,-62,32.104295,35.21025,670.9,6.09999990463257,WIFI
b2:6c:ac:9f:f1:c5,paysday,[WPA2-PSK-CCMP-preauth][ESS],2017-12-04 14:37:53,2,-78,32.1046166666667,35.21132,672.9,3.90000009536743,WIFI
a2:6c:ac:9f:f1:c5,Guest,[WPA2-PSK-CCMP-preauth][ESS],2017-12-04 14:37:53,2,-81,32.1046166666667,35.21132,672.9,3.90000009536743,WIFI
90:6c:ac:9f:f1:c5,CliClap,[WPA2-PSK-CCMP-preauth][ESS],2017-12-04 14:37:53,2,-78,32.1046166666667,35.21132,672.9,3.90000009536743,WIFI
c4:12:f5:fd:6a:74,mati-sh1,[WPA2-PSK-CCMP][ESS],2017-12-04 14:37:53,9,-67,32.1046166666667,35.21132,672.9,3.90000009536743,WIFI
34:8f:27:20:89:b8,Ariel_University,[ESS],2017-12-04 14:37:53,6,-82,32.1046166666667,35.21132,672.9,3.90000009536743,WIFI
24:79:2a:2b:07:b8,Ariel_University,[ESS],2017-12-04 14:37:53,11,-87,32.1046166666667,35.21132,672.9,3.90000009536743,WIFI
90:8d:78:54:6b:4d,Salomon,[WPA2-PSK-CCMP][ESS],2017-12-04 14:37:53,1,-83,32.1046166666667,35.21132,672.9,3.90000009536743,WIFI
1c:b9:c4:15:34:b8,Ariel_University,[ESS],2017-12-04 14:37:53,6,-76,32.1046166666667,35.21132,672.9,3.90000009536743,WIFI
1c:b9:c4:15:25:48,Ariel_University,[ESS],2017-12-04 14:37:53,1,-71,32.1046166666667,35.21132,672.9,3.90000009536743,WIFI
1c:b9:c4:15:23:58,Ariel_University,[ESS],2017-12-04 14:37:53,6,-83,32.1046166666667,35.21132,672.9,3.90000009536743,WIFI
24:79:2a:2b:02:78,Ariel_University,[ESS],2017-12-04 14:37:53,6,-65,32.1046166666667,35.21132,672.9,3.90000009536743,WIFI
1c:b9:c4:14:62:48,Ariel_University,[ESS],2017-12-04 14:37:53,11,-79,32.1046166666667,35.21132,672.9,3.90000009536743,WIFI
1c:b9:c4:16:2d:e8,Ariel_University,[ESS],2017-12-04 14:37:53,11,-85,32.1046166666667,35.21132,672.9,3.90000009536743,WIFI
9c:d2:1e:04:e6:2c,HP-Print-2c-LaserJet 400 color,[ESS],2017-12-04 14:37:53,6,-87,32.1046166666667,35.21132,672.9,3.90000009536743,WIFI
24:79:2a:2c:5c:18,Ariel_University,[ESS],2017-12-04 14:37:53,11,-83,32.1046166666667,35.21132,672.9,3.90000009536743,WIFI
1c:b9:c4:16:12:68,Ariel_University,[ESS],2017-12-04 14:37:53,11,-82,32.1046166666667,35.21132,672.9,3.90000009536743,WIFI
1c:b9:c4:15:20:38,Ariel_University,[ESS],2017-12-04 14:37:53,11,-86,32.1046166666667,35.21132,672.9,3.90000009536743,WIFI
a2:6c:ac:a0:18:29,artsim,[WPA2-PSK-CCMP-preauth][ESS],2017-12-04 14:37:53,6,-74,32.1046166666667,35.21132,672.9,3.90000009536743,WIFI
90:6c:ac:a0:18:29,Guest,[WPA2-PSK-CCMP-preauth][ESS],2017-12-04 14:37:53,6,-75,32.1046166666667,35.21132,672.9,3.90000009536743,WIFI
c2:6c:ac:9f:fb:1f,shapedo,[WPA2-PSK-CCMP-preauth][ESS],2017-12-04 14:37:53,1,-89,32.1046166666667,35.21132,672.9,3.90000009536743,WIFI
90:6c:ac:9f:fb:1f,Guest,[WPA2-PSK-CCMP-preauth][ESS],2017-12-04 14:37:53,1,-88,32.1046166666667,35.21132,672.9,3.90000009536743,WIFI
b2:6c:ac:a0:18:29,restore,[WPA2-PSK-CCMP-preauth][ESS],2017-12-04 14:37:53,6,-82,32.1046166666667,35.21132,672.9,3.90000009536743,WIFI
8c:0c:90:2f:36:58,Ariel_University,[ESS],2017-12-04 14:37:53,1,-63,32.1046166666667,35.21132,672.9,3.90000009536743,WIFI
00:11:6b:11:7e:0c,yosh,[ESS],2017-12-04 14:37:53,1,-80,32.1046166666667,35.21132,672.9,3.90000009536743,WIFI
8c:0c:90:6f:36:58,,[WPA2-PSK-CCMP][ESS],2017-12-04 14:37:53,1,-62,32.1046166666667,35.21132,672.9,3.90000009536743,WIFI
8c:0c:90:2d:34:38,Ariel_University,[ESS],2017-12-04 14:37:53,11,-85,32.1046166666667,35.21132,672.9,3.90000009536743,WIFI
b2:6c:ac:a0:3d:eb,sinusafe,[WPA2-PSK-CCMP-preauth][ESS],2017-12-04 14:37:53,3,-79,32.1046166666667,35.21132,672.9,3.90000009536743,WIFI
90:6c:ac:a0:3d:eb,Guest,[WPA2-PSK-CCMP-preauth][ESS],2017-12-04 14:37:53,3,-79,32.1046166666667,35.21132,672.9,3.90000009536743,WIFI
1c:b9:c4:15:44:58,Ariel_University,[ESS],2017-12-04 14:37:53,11,-89,32.1046166666667,35.21132,672.9,3.90000009536743,WIFI
1c:b9:c4:16:05:38,Ariel_University,[ESS],2017-12-04 14:37:53,11,-83,32.1046166666667,35.21132,672.9,3.90000009536743,WIFI
08:ed:b9:3d:8f:4b,HP-Print-4b-LaserJet 400,[ESS],2017-12-04 14:37:53,6,-90,32.1046166666667,35.21132,672.9,3.90000009536743,WIFI
b2:6c:ac:9f:fb:1f,iagree,[WPA2-PSK-CCMP-preauth][ESS],2017-12-04 14:37:53,1,-85,32.1046166666667,35.21132,672.9,3.90000009536743,WIFI
1c:b9:c4:16:05:78,Ariel_University,[ESS],2017-12-04 14:37:53,6,-67,32.1046166666667,35.21132,672.9,3.90000009536743,WIFI
ec:8c:a2:08:79:a8,Ariel_University,[ESS],2017-12-04 14:37:53,6,-47,32.1046166666667,35.21132,672.9,3.90000009536743,WIFI
1c:b9:c4:15:ed:48,Ariel_University,[ESS],2017-12-04 14:37:53,1,-55,32.1046166666667,35.21132,672.9,3.90000009536743,WIFI
1c:b9:c4:15:44:88,Ariel_University,[ESS],2017-12-04 14:37:53,6,-78,32.1046166666667,35.21132,672.9,3.90000009536743,WIFI
42502_811_3868447,GOLAN T,UNKNOWN;il,2017-12-04 14:37:53,0,-83,32.1046166666667,35.21132,672.9,3.90000009536743,GSM
1c:b9:c4:15:44:88,Ariel_University,[ESS],2017-12-04 14:38:25,6,-72,32.1043566666667,35.2114383333333,664.4,2.90000009536743,WIFI
1c:b9:c4:15:41:78,Ariel_University,[ESS],2017-12-04 14:38:25,1,-70,32.1043566666667,35.2114383333333,664.4,2.90000009536743,WIFI
1c:b9:c4:14:36:f8,Ariel_University,[ESS],2017-12-04 14:38:25,6,-70,32.1043566666667,35.2114383333333,664.4,2.90000009536743,WIFI
1c:b9:c4:16:e8:f8,Ariel_University,[ESS],2017-12-04 14:38:25,11,-79,32.1043566666667,35.2114383333333,664.4,2.90000009536743,WIFI
8c:0c:90:2e:e8:18,Ariel_University,[ESS],2017-12-04 14:38:30,6,-83,32.1043266666667,35.2113533333333,666,2.90000009536743,WIFI
42502_811_3868447,GOLAN T,UNKNOWN;il,2017-12-04 14:38:30,0,-75,32.1043266666667,35.2113533333333,666,2.90000009536743,GSM
1c:b9:c4:15:ed:38,Ariel_University,[ESS],2017-12-04 14:38:34,6,-83,32.1042883333333,35.2113366666667,666.5,2.90000009536743,WIFI
1c:b9:c4:16:e8:f8,Ariel_University,[ESS],2017-12-04 14:38:35,11,-62,32.10428,35.2113316666667,666.4,2.90000009536743,WIFI
1c:b9:c4:15:ed:38,Ariel_University,[ESS],2017-12-04 14:38:37,6,-73,32.10427,35.2113166666667,666.2,2.79999995231628,WIFI
1c:b9:c4:14:36:f8,Ariel_University,[ESS],2017-12-04 14:38:39,6,-61,32.10428,35.21129,665.1,2.70000004768372,WIFI
1c:b9:c4:15:41:78,Ariel_University,[ESS],2017-12-04 14:38:43,1,-65,32.1042816666667,35.2112466666667,666.5,2.59999990463257,WIFI
8c:0c:90:2e:e8:18,Ariel_University,[ESS],2017-12-04 14:38:43,6,-78,32.1042816666667,35.2112466666667,666.5,2.59999990463257,WIFI
ec:8c:a2:08:79:88,Ariel_University,[ESS],2017-12-04 14:38:46,1,-87,32.104295,35.2112316666667,666.6,2.70000004768372,WIFI
3c:1e:04:05:5f:f5,BezeqNGN_009030_2.4GHz_1,[ESS],2017-12-04 14:38:50,1,-88,32.104305,35.2111983333333,667.4,2.59999990463257,WIFI
8c:0c:90:2e:e8:18,Ariel_University,[ESS],2017-12-04 14:38:54,6,-73,32.1042933333333,35.211165,668.3,2.59999990463257,WIFI
1c:b9:c4:15:ed:38,Ariel_University,[ESS],2017-12-04 14:38:54,6,-60,32.1042933333333,35.211165,668.3,2.59999990463257,WIFI
8c:0c:90:2e:e8:18,Ariel_University,[ESS],2017-12-04 14:38:56,6,-67,32.1042916666667,35.2111433333333,668.7,2.59999990463257,WIFI
8c:0c:90:2e:e8:18,Ariel_University,[ESS],2017-12-04 14:39:00,6,-57,32.1042733333333,35.211105,670.1,2.59999990463257,WIFI
8c:0c:90:2f:d3:d8,Ariel_University,[ESS],2017-12-04 14:39:00,11,-69,32.1042733333333,35.211105,670.1,2.59999990463257,WIFI
1c:b9:c4:15:ed:38,Ariel_University,[ESS],2017-12-04 14:39:03,6,-53,32.1042533333333,35.2110783333333,671.1,2.5,WIFI
8c:0c:90:2d:34:38,Ariel_University,[ESS],2017-12-04 14:39:03,11,-74,32.1042533333333,35.2110783333333,671.1,2.5,WIFI
1c:b9:c4:16:06:b8,Ariel_University,[ESS],2017-12-04 14:39:04,11,-86,32.1042483333333,35.2110666666667,671.1,2.5,WIFI
24:79:2a:2b:24:98,Ariel_University,[ESS],2017-12-04 14:39:06,1,-85,32.1042433333333,35.2110333333333,671.6,2.40000009536743,WIFI
8c:0c:90:2d:34:38,Ariel_University,[ESS],2017-12-04 14:39:11,11,-64,32.1042216666667,35.2109816666667,672.7,2.5,WIFI
24:79:2a:2b:24:98,Ariel_University,[ESS],2017-12-04 14:39:21,1,-80,32.1042333333333,35.2108816666667,674.6,2.90000009536743,WIFI
24:79:2a:2c:61:68,Ariel_University,[ESS],2017-12-04 14:39:21,6,-81,32.1042333333333,35.2108816666667,674.6,2.90000009536743,WIFI
1c:b9:c4:16:06:b8,Ariel_University,[ESS],2017-12-04 14:39:23,11,-80,32.10423,35.2108466666667,675,3,WIFI
c8:be:19:07:77:b9,Bezeq-N_0777b8,[ESS],2017-12-04 14:39:23,11,-89,32.10423,35.2108466666667,675,3,WIFI
24:79:2a:2c:61:68,Ariel_University,[ESS],2017-12-04 14:39:27,6,-68,32.104205,35.210785,675.3,3,WIFI
c8:be:19:07:77:b9,Bezeq-N_0777b8,[ESS],2017-12-04 14:39:27,11,-84,32.104205,35.210785,675.3,3,WIFI
24:79:2a:2b:24:98,Ariel_University,[ESS],2017-12-04 14:39:32,1,-71,32.1041866666667,35.210705,675.2,3.09999990463257,WIFI
24:79:2a:2c:61:68,Ariel_University,[ESS],2017-12-04 14:39:32,6,-62,32.1041866666667,35.210705,675.2,3.09999990463257,WIFI
24:79:2a:2b:bd:88,Ariel_University,[ESS],2017-12-04 14:39:35,11,-88,32.1041783333333,35.21067,675.3,3.20000004768372,WIFI
3c:52:82:ef:a4:8b,DIRECT-8A-HP DeskJet 3630 series,[WPA2-PSK-CCMP][ESS],2017-12-04 14:39:41,6,-88,32.1041583333333,35.2105816666667,676.1,3.29999995231628,WIFI
1c:b9:c4:16:06:b8,Ariel_University,[ESS],2017-12-04 14:39:45,11,-74,32.1040916666667,35.2105683333333,676.1,2.90000009536743,WIFI
24:79:2a:2b:bd:88,Ariel_University,[ESS],2017-12-04 14:39:45,11,-83,32.1040916666667,35.2105683333333,676.1,2.90000009536743,WIFI
24:79:2a:2c:5c:18,Ariel_University,[ESS],2017-12-04 14:39:49,11,-74,32.10408,35.210535,675.6,2.90000009536743,WIFI
1c:b9:c4:16:06:b8,Ariel_University,[ESS],2017-12-04 14:39:50,11,-69,32.10407,35.2105116666667,675.6,2.90000009536743,WIFI
24:79:2a:2b:bd:88,Ariel_University,[ESS],2017-12-04 14:39:50,11,-78,32.10407,35.2105116666667,675.6,2.90000009536743,WIFI
24:79:2a:2c:5c:18,Ariel_University,[ESS],2017-12-04 14:39:55,11,-63,32.1040466666667,35.21045,675.5,2.90000009536743,WIFI
60:e3:27:7b:e0:98,HelpDesk,[WPA-PSK-CCMP+TKIP][WPA2-PSK-CCMP+TKIP][WPS][ESS],2017-12-04 14:39:55,4,-86,32.1040466666667,35.21045,675.5,2.90000009536743,WIFI
1c:b9:c4:15:44:88,Ariel_University,[ESS],2017-12-04 14:39:58,6,-81,32.10404,35.2104266666667,675.6,3,WIFI
3c:52:82:ef:a4:8b,DIRECT-8A-HP DeskJet 3630 series,[WPA2-PSK-CCMP][ESS],2017-12-04 14:39:58,6,-81,32.10404,35.2104266666667,675.6,3,WIFI
3c:52:82:ef:d4:52,DIRECT-51-HP DeskJet 3630 series,[WPA2-PSK-CCMP][ESS],2017-12-04 14:39:58,6,-83,32.10404,35.2104266666667,675.6,3,WIFI
24:79:2a:2b:07:b8,Ariel_University,[ESS],2017-12-04 14:39:58,11,-77,32.10404,35.2104266666667,675.6,3,WIFI
1c:b9:c4:15:fd:48,Ariel_University,[ESS],2017-12-04 14:39:58,1,-87,32.10404,35.2104266666667,675.6,3,WIFI
1c:b9:c4:15:ed:48,Ariel_University,[ESS],2017-12-04 14:41:03,1,-86,32.1036183333333,35.2097333333333,683.5,2.5,WIFI
1c:b9:c4:15:41:78,Ariel_University,[ESS],2017-12-04 14:41:03,1,-86,32.1036183333333,35.2097333333333,683.5,2.5,WIFI
1c:b9:c4:14:36:f8,Ariel_University,[ESS],2017-12-04 14:41:03,6,-83,32.1036183333333,35.2097333333333,683.5,2.5,WIFI
1c:b9:c4:16:e8:f8,Ariel_University,[ESS],2017-12-04 14:41:03,11,-85,32.1036183333333,35.2097333333333,683.5,2.5,WIFI
8c:0c:90:2e:e8:18,Ariel_University,[ESS],2017-12-04 14:41:03,6,-81,32.1036183333333,35.2097333333333,683.5,2.5,WIFI
1c:b9:c4:15:ed:38,Ariel_University,[ESS],2017-12-04 14:41:03,6,-85,32.1036183333333,35.2097333333333,683.5,2.5,WIFI
ec:8c:a2:08:79:88,Ariel_University,[ESS],2017-12-04 14:41:03,1,-88,32.1036183333333,35.2097333333333,683.5,2.5,WIFI
8c:0c:90:2d:34:38,Ariel_University,[ESS],2017-12-04 14:41:03,11,-83,32.1036183333333,35.2097333333333,683.5,2.5,WIFI
8c:0c:90:2f:d3:d8,Ariel_University,[ESS],2017-12-04 14:41:03,11,-73,32.1036183333333,35.2097333333333,683.5,2.5,WIFI
1c:b9:c4:16:05:78,Ariel_University,[ESS],2017-12-04 14:41:03,6,-80,32.1036183333333,35.2097333333333,683.5,2.5,WIFI
1c:b9:c4:15:25:48,Ariel_University,[ESS],2017-12-04 14:41:03,1,-88,32.1036183333333,35.2097333333333,683.5,2.5,WIFI
1c:b9:c4:15:23:58,Ariel_University,[ESS],2017-12-04 14:41:03,6,-82,32.1036183333333,35.2097333333333,683.5,2.5,WIFI
1c:b9:c4:15:fd:48,Ariel_University,[ESS],2017-12-04 14:41:03,1,-75,32.1036183333333,35.2097333333333,683.5,2.5,WIFI
1c:b9:c4:15:ed:b8,IT-MNG,[WPA2-PSK-CCMP+TKIP][ESS],2017-12-04 14:41:03,1,-71,32.1036183333333,35.2097333333333,683.5,2.5,WIFI
1c:b9:c4:16:e5:a8,Ariel_University,[ESS],2017-12-04 14:41:03,6,-73,32.1036183333333,35.2097333333333,683.5,2.5,WIFI
1c:b9:c4:15:1c:b8,Ariel_University,[ESS],2017-12-04 14:41:03,1,-78,32.1036183333333,35.2097333333333,683.5,2.5,WIFI
1c:b9:c4:16:1d:78,Ariel_University,[ESS],2017-12-04 14:41:03,1,-84,32.1036183333333,35.2097333333333,683.5,2.5,WIFI
42502_811_3868449,GOLAN T,UNKNOWN;il,2017-12-04 14:41:03,0,-87,32.1036183333333,35.2097333333333,683.5,2.5,GSM
1c:b9:c4:16:ed:48,Ariel_University,[ESS],2017-12-04 14:41:35,6,-77,32.103305,35.2097616666667,686.1,2.5,WIFI
3c:52:82:ef:c4:3c,DIRECT-3B-HP DeskJet 3630 series,[WPA2-PSK-CCMP][ESS],2017-12-04 14:41:40,6,-73,32.10325,35.2097566666667,687.4,2.70000004768372,WIFI
d8:5d:4c:9e:69:22,AUC_4_2_24,[ESS],2017-12-04 14:41:42,1,-84,32.1032333333333,35.2097616666667,687.7,2.70000004768372,WIFI
8c:0c:90:ae:16:83,,[WPA2-PSK-CCMP][ESS],2017-12-04 14:41:45,11,-86,32.1032216666667,35.2097716666667,687.6,2.79999995231628,WIFI
a0:8c:fd:0a:24:56,DIRECT-13-HP DeskJet 3630 series,[WPA2-PSK-CCMP][ESS],2017-12-04 14:41:55,6,-88,32.10308,35.2097966666667,686.8,2.59999990463257,WIFI
1c:b9:c4:16:06:b8,Ariel_University,[ESS],2017-12-04 14:42:13,11,-81,32.1028866666667,35.2098316666667,694,2.5,WIFI
00:1d:aa:81:d8:3c,KCG-ADSL,[WPA2-PSK-CCMP][WPS][ESS],2017-12-04 14:42:13,3,-58,32.1028866666667,35.2098316666667,694,2.5,WIFI
30:e1:71:0f:a2:49,DIRECT-47-HP DeskJet 3630 series,[WPA2-PSK-CCMP][ESS],2017-12-04 14:42:27,6,-79,32.1027566666667,35.20992,684.9,2.59999990463257,WIFI
1c:b9:c4:16:ee:98,Ariel_University,[ESS],2017-12-04 14:42:27,6,-80,32.1027566666667,35.20992,684.9,2.59999990463257,WIFI
00:02:6f:8e:64:67,,[ESS],2017-12-04 14:42:35,1,-90,32.1026683333333,35.2099366666667,682.8,2.70000004768372,WIFI
c4:12:f5:f6:a0:18,lab_6.1.3,[WPA2-PSK-CCMP][ESS],2017-12-04 14:42:36,3,-75,32.1026583333333,35.20994,682.5,2.70000004768372,WIFI
1c:b9:c4:16:ee:98,Ariel_University,[ESS],2017-12-04 14:42:36,6,-73,32.1026583333333,35.20994,682.5,2.70000004768372,WIFI
42502_811_3868448,GOLAN T,UNKNOWN;il,2017-12-04 14:42:36,0,-71,32.1026583333333,35.20994,682.5,2.70000004768372,GSM
1c:b9:c4:15:1c:b8,Ariel_University,[ESS],2017-12-04 14:42:43,1,-82,32.1026066666667,35.20997,674.8,2.70000004768372,WIFI
1c:b9:c4:15:fd:48,Ariel_University,[ESS],2017-12-04 14:42:43,1,-86,32.1026066666667,35.20997,674.8,2.70000004768372,WIFI
1c:b9:c4:16:ed:38,Ariel_University,[ESS],2017-12-04 14:42:49,6,-77,32.1025466666667,35.2099816666667,669.8,2.70000004768372,WIFI
00:11:6b:11:02:b7,yosh,[ESS],2017-12-04 14:42:49,1,-79,32.1025466666667,35.2099816666667,669.8,2.70000004768372,WIFI
1c:b9:c4:14:2c:38,Ariel_University,[ESS],2017-12-04 14:43:24,6,-75,32.1020933333333,35.209915,676.4,2.70000004768372,WIFI
1c:b9:c4:15:3a:38,Ariel_University,[ESS],2017-12-04 14:43:24,11,-86,32.1020933333333,35.209915,676.4,2.70000004768372,WIFI
1c:b9:c4:15:3d:68,Ariel_University,[ESS],2017-12-04 14:43:24,6,-71,32.1020933333333,35.209915,676.4,2.70000004768372,WIFI
1c:b9:c4:15:1e:68,Ariel_University,[ESS],2017-12-04 14:43:24,1,-81,32.1020933333333,35.209915,676.4,2.70000004768372,WIFI
1c:b9:c4:15:ed:78,Ariel_University,[ESS],2017-12-04 14:43:26,6,-83,32.1020783333333,35.209895,676.3,2.70000004768372,WIFI
1c:b9:c4:16:04:78,Ariel_University,[ESS],2017-12-04 14:43:26,11,-85,32.1020783333333,35.209895,676.3,2.70000004768372,WIFI
40:a5:ef:7a:17:f2,2.4V1,[WPA2-PSK-CCMP][WPS][ESS],2017-12-04 14:43:29,6,-74,32.10206,35.2098683333333,675.5,2.79999995231628,WIFI
1c:b9:c4:16:11:a8,Ariel_University,[ESS],2017-12-04 14:43:29,1,-80,32.10206,35.2098683333333,675.5,2.79999995231628,WIFI
1c:b9:c4:15:3d:58,Ariel_University,[ESS],2017-12-04 14:43:29,11,-80,32.10206,35.2098683333333,675.5,2.79999995231628,WIFI
1c:b9:c4:16:f1:48,Ariel_University,[ESS],2017-12-04 14:43:29,1,-83,32.10206,35.2098683333333,675.5,2.79999995231628,WIFI
1c:b9:c4:15:3d:58,Ariel_University,[ESS],2017-12-04 14:43:30,11,-75,32.1020566666667,35.2098583333333,675.1,2.79999995231628,WIFI
1c:b9:c4:15:ed:78,Ariel_University,[ESS],2017-12-04 14:43:32,6,-78,32.1020533333333,35.209825,674.7,2.79999995231628,WIFI
1c:b9:c4:16:04:78,Ariel_University,[ESS],2017-12-04 14:43:32,11,-69,32.1020533333333,35.209825,674.7,2.79999995231628,WIFI
1c:b9:c4:16:11:a8,Ariel_University,[ESS],2017-12-04 14:43:32,1,-73,32.1020533333333,35.209825,674.7,2.79999995231628,WIFI
ec:8c:a2:26:b1:78,Ariel_University,[ESS],2017-12-04 14:43:32,1,-79,32.1020533333333,35.209825,674.7,2.79999995231628,WIFI
1c:b9:c4:15:3a:38,Ariel_University,[ESS],2017-12-04 14:43:39,11,-78,32.10206,35.2097466666667,673.2,2.70000004768372,WIFI
1c:b9:c4:15:3d:58,Ariel_University,[ESS],2017-12-04 14:43:39,11,-65,32.10206,35.2097466666667,673.2,2.70000004768372,WIFI
1c:b9:c4:16:f1:48,Ariel_University,[ESS],2017-12-04 14:43:39,1,-74,32.10206,35.2097466666667,673.2,2.70000004768372,WIFI
1c:b9:c4:15:1b:88,Ariel_University,[ESS],2017-12-04 14:43:39,11,-74,32.10206,35.2097466666667,673.2,2.70000004768372,WIFI
1c:b9:c4:16:f1:98,Ariel_University,[ESS],2017-12-04 14:43:39,11,-79,32.10206,35.2097466666667,673.2,2.70000004768372,WIFI
1c:b9:c4:16:f4:78,Ariel_University,[ESS],2017-12-04 14:43:39,1,-86,32.10206,35.2097466666667,673.2,2.70000004768372,WIFI
1c:b9:c4:15:3a:38,Ariel_University,[ESS],2017-12-04 14:43:42,11,-73,32.1020633333333,35.2097183333333,671.2,2.70000004768372,WIFI
1c:b9:c4:15:ed:78,Ariel_University,[ESS],2017-12-04 14:43:42,6,-73,32.1020633333333,35.2097183333333,671.2,2.70000004768372,WIFI
1c:b9:c4:14:2b:d8,Ariel_University,[ESS],2017-12-04 14:43:47,1,-84,32.10205,35.2096683333333,670.2,2.79999995231628,WIFI
1c:b9:c4:15:3d:58,Ariel_University,[ESS],2017-12-04 14:43:49,11,-59,32.1020533333333,35.2096433333333,668.9,2.79999995231628,WIFI
1c:b9:c4:16:04:78,Ariel_University,[ESS],2017-12-04 14:43:51,11,-64,32.102055,35.2096183333333,668.4,2.79999995231628,WIFI
1c:b9:c4:16:f1:48,Ariel_University,[ESS],2017-12-04 14:43:51,1,-67,32.102055,35.2096183333333,668.4,2.79999995231628,WIFI
1c:b9:c4:15:1e:68,Ariel_University,[ESS],2017-12-04 14:43:52,1,-75,32.1020566666667,35.2096033333333,668.2,2.79999995231628,WIFI
3c:52:82:ef:d4:56,DIRECT-55-HP DeskJet 3630 series,[WPA2-PSK-CCMP][ESS],2017-12-04 14:43:52,6,-72,32.1020566666667,35.2096033333333,668.2,2.79999995231628,WIFI
1c:b9:c4:15:ed:78,Ariel_University,[ESS],2017-12-04 14:43:52,6,-68,32.1020566666667,35.2096033333333,668.2,2.79999995231628,WIFI
1c:b9:c4:16:f1:98,Ariel_University,[ESS],2017-12-04 14:43:59,11,-74,32.102065,35.2095116666667,662.6,2.79999995231628,WIFI
a0:8c:fd:0a:d5:f5,DIRECT-F4-HP DeskJet 3630 series,[WPA2-PSK-CCMP][ESS],2017-12-04 14:44:03,6,-70,32.1020816666667,35.209455,660.9,2.79999995231628,WIFI
a0:8c:fd:0a:d5:f5,DIRECT-F4-HP DeskJet 3630 series,[WPA2-PSK-CCMP][ESS],2017-12-04 14:44:05,6,-63,32.1021016666667,35.209415,664,2.79999995231628,WIFI
1c:b9:c4:16:11:a8,Ariel_University,[ESS],2017-12-04 14:44:05,1,-67,32.1021016666667,35.209415,664,2.79999995231628,WIFI
1c:b9:c4:14:2b:d8,Ariel_University,[ESS],2017-12-04 14:44:05,1,-75,32.1021016666667,35.209415,664,2.79999995231628,WIFI
14:ae:db:cc:1a:8d,gilo1,[WPA2-PSK-CCMP][WPS][ESS],2017-12-04 14:44:05,13,-73,32.1021016666667,35.209415,664,2.79999995231628,WIFI
42502_811_3931936,GOLAN T,UNKNOWN;il,2017-12-04 14:44:07,0,-99,32.1021166666667,35.20937,667.1,2.59999990463257,GSM
1c:b9:c4:14:2b:d8,Ariel_University,[ESS],2017-12-04 14:44:13,1,-59,32.1021316666667,35.2093166666667,667.2,2.5,WIFI
e4:6f:13:70:8c:fc,The Slav Squad,[WPA2-PSK-CCMP][ESS],2017-12-04 14:44:13,5,-78,32.1021316666667,35.2093166666667,667.2,2.5,WIFI
1c:b9:c4:16:28:f8,Ariel_University,[ESS],2017-12-04 14:44:13,6,-84,32.1021316666667,35.2093166666667,667.2,2.5,WIFI
1c:b9:c4:16:28:f8,Ariel_University,[ESS],2017-12-04 14:44:14,6,-78,32.1021383333333,35.2093133333333,666.4,2.40000009536743,WIFI
1c:b9:c4:14:2f:68,Ariel_University,[ESS],2017-12-04 14:44:14,6,-78,32.1021383333333,35.2093133333333,666.4,2.40000009536743,WIFI
1c:b9:c4:14:2b:d8,Ariel_University,[ESS],2017-12-04 14:44:16,1,-53,32.10215,35.2093066666667,666.8,2.40000009536743,WIFI
1c:b9:c4:16:f4:78,Ariel_University,[ESS],2017-12-04 14:44:19,1,-81,32.10218,35.2092916666667,667.1,2.29999995231628,WIFI
1c:b9:c4:14:2b:d8,Ariel_University,[ESS],2017-12-04 14:44:19,1,-41,32.10218,35.2092916666667,667.1,2.29999995231628,WIFI
1c:b9:c4:14:33:c8,Ariel_University,[ESS],2017-12-04 14:44:19,11,-83,32.10218,35.2092916666667,667.1,2.29999995231628,WIFI
1c:b9:c4:15:43:e8,Ariel_University,[ESS],2017-12-04 14:44:19,1,-88,32.10218,35.2092916666667,667.1,2.29999995231628,WIFI
a0:8c:fd:0a:d5:f5,DIRECT-F4-HP DeskJet 3630 series,[WPA2-PSK-CCMP][ESS],2017-12-04 14:44:20,6,-56,32.1021866666667,35.2092816666667,666.9,2.29999995231628,WIFI
1c:b9:c4:15:43:e8,Ariel_University,[ESS],2017-12-04 14:44:20,1,-78,32.1021866666667,35.2092816666667,666.9,2.29999995231628,WIFI
1c:b9:c4:16:28:f8,Ariel_University,[ESS],2017-12-04 14:44:22,6,-69,32.1022033333333,35.209275,666.6,2.29999995231628,WIFI
14:ae:db:c0:84:6d,gilo 11,[WPA2-PSK-CCMP][ESS],2017-12-04 14:44:24,1,-81,32.1022283333333,35.2092716666667,666.5,2.29999995231628,WIFI
1c:b9:c4:14:33:c8,Ariel_University,[ESS],2017-12-04 14:44:26,11,-74,32.1022466666667,35.209245,667,2.20000004768372,WIFI
1c:b9:c4:14:2c:18,Ariel_University,[ESS],2017-12-04 14:44:26,1,-82,32.1022466666667,35.209245,667,2.20000004768372,WIFI
42502_811_3868449,GOLAN T,UNKNOWN;il,2017-12-04 14:44:28,0,-111,32.1022666666667,35.2092166666667,667.3,2.20000004768372,GSM
42502_811_3868449,GOLAN T,UNKNOWN;il,2017-12-04 14:44:30,0,-85,32.1022816666667,35.2091866666667,668.2,2.20000004768372,GSM
ec:8c:a2:26:b1:78,Ariel_University,[ESS],2017-12-04 14:44:32,1,-72,32.1023,35.209165,668.6,2.20000004768372,WIFI
1c:b9:c4:16:28:f8,Ariel_University,[ESS],2017-12-04 14:44:32,6,-63,32.1023,35.209165,668.6,2.20000004768372,WIFI
1c:b9:c4:15:43:e8,Ariel_University,[ESS],2017-12-04 14:44:32,1,-73,32.1023,35.209165,668.6,2.20000004768372,WIFI
1c:b9:c4:16:f4:78,Ariel_University,[ESS],2017-12-04 14:44:34,1,-75,32.1023133333333,35.2091383333333,669.3,2.20000004768372,WIFI
1c:b9:c4:15:43:e8,Ariel_University,[ESS],2017-12-04 14:44:34,1,-68,32.1023133333333,35.2091383333333,669.3,2.20000004768372,WIFI
1c:b9:c4:16:f1:48,Ariel_University,[ESS],2017-12-04 14:44:36,1,-62,32.1023283333333,35.20911,670,2.20000004768372,WIFI
1c:b9:c4:16:f4:78,Ariel_University,[ESS],2017-12-04 14:44:36,1,-70,32.1023283333333,35.20911,670,2.20000004768372,WIFI
1c:b9:c4:14:33:c8,Ariel_University,[ESS],2017-12-04 14:44:37,11,-67,32.1023333333333,35.2090966666667,670.5,2.09999990463257,WIFI
1c:b9:c4:14:2f:68,Ariel_University,[ESS],2017-12-04 14:44:40,6,-73,32.1023516666667,35.2090516666667,672.1,2,WIFI
ec:8c:a2:26:b1:78,Ariel_University,[ESS],2017-12-04 14:44:42,1,-65,32.1023633333333,35.2090233333333,672.7,1.89999997615814,WIFI
1c:b9:c4:16:28:f8,Ariel_University,[ESS],2017-12-04 14:44:42,6,-54,32.1023633333333,35.2090233333333,672.7,1.89999997615814,WIFI
ec:8c:a2:26:b1:78,Ariel_University,[ESS],2017-12-04 14:44:44,1,-57,32.1023716666667,35.2089966666667,673.5,1.89999997615814,WIFI
1c:b9:c4:16:d2:88,Ariel_University,[ESS],2017-12-04 14:44:44,11,-81,32.1023716666667,35.2089966666667,673.5,1.89999997615814,WIFI
1c:b9:c4:16:ed:38,Ariel_University,[ESS],2017-12-04 14:44:46,6,-77,32.102385,35.20898,673.9,1.79999995231628,WIFI
ec:8c:a2:08:94:18,Ariel_University,[ESS],2017-12-04 14:44:46,1,-86,32.102385,35.20898,673.9,1.79999995231628,WIFI
1c:b9:c4:15:1c:b8,Ariel_University,[ESS],2017-12-04 14:44:48,1,-82,32.1024033333333,35.208965,674.3,1.79999995231628,WIFI
1c:b9:c4:15:fd:48,Ariel_University,[ESS],2017-12-04 14:44:48,1,-86,32.1024033333333,35.208965,674.3,1.79999995231628,WIFI
1c:b9:c4:14:2f:68,Ariel_University,[ESS],2017-12-04 14:44:48,6,-63,32.1024033333333,35.208965,674.3,1.79999995231628,WIFI
1c:b9:c4:14:2c:18,Ariel_University,[ESS],2017-12-04 14:44:48,1,-77,32.1024033333333,35.208965,674.3,1.79999995231628,WIFI
1c:b9:c4:15:ec:38,Ariel_University,[ESS],2017-12-04 14:44:50,6,-79,32.10242,35.208955,674.5,1.79999995231628,WIFI
ec:8c:a2:08:94:18,Ariel_University,[ESS],2017-12-04 14:44:52,1,-72,32.1024416666667,35.2089466666667,674.4,1.79999995231628,WIFI
1c:b9:c4:15:ec:38,Ariel_University,[ESS],2017-12-04 14:44:52,6,-73,32.1024416666667,35.2089466666667,674.4,1.79999995231628,WIFI
1c:b9:c4:16:ee:98,Ariel_University,[ESS],2017-12-04 14:44:56,6,-81,32.1024933333333,35.20893,679.5,3.09999990463257,WIFI
1c:b9:c4:14:2f:68,Ariel_University,[ESS],2017-12-04 14:44:56,6,-52,32.1024933333333,35.20893,679.5,3.09999990463257,WIFI
1c:b9:c4:14:2c:18,Ariel_University,[ESS],2017-12-04 14:44:56,1,-70,32.1024933333333,35.20893,679.5,3.09999990463257,WIFI
1c:b9:c4:14:2c:38,Ariel_University,[ESS],2017-12-04 14:45:04,6,-84,32.1025766666667,35.2089133333333,675.6,2.5,WIFI
1c:b9:c4:15:3d:68,Ariel_University,[ESS],2017-12-04 14:45:04,6,-77,32.1025766666667,35.2089133333333,675.6,2.5,WIFI
1c:b9:c4:14:2f:68,Ariel_University,[ESS],2017-12-04 14:45:06,6,-45,32.1025916666667,35.20891,675.3,2.5,WIFI
1c:b9:c4:14:2c:18,Ariel_University,[ESS],2017-12-04 14:45:08,1,-64,32.1026266666667,35.2089033333333,674.7,2.5,WIFI
ec:8c:a2:08:94:18,Ariel_University,[ESS],2017-12-04 14:45:10,1,-67,32.1026433333333,35.2089066666667,674.6,2.5,WIFI
1c:b9:c4:16:d2:88,Ariel_University,[ESS],2017-12-04 14:45:12,11,-74,32.1026716666667,35.2089,673.2,2.5,WIFI
1c:b9:c4:16:f4:78,Ariel_University,[ESS],2017-12-04 14:45:22,1,-61,32.1027816666667,35.208875,672.3,2.5,WIFI
d8:5d:4c:9e:69:22,AUC_4_2_24,[ESS],2017-12-04 14:45:32,1,-79,32.1028683333333,35.2088466666667,675.8,2.40000009536743,WIFI
ec:8c:a2:08:94:18,Ariel_University,[ESS],2017-12-04 14:45:38,1,-62,32.1029333333333,35.20884,676.2,2.29999995231628,WIFI
1c:b9:c4:16:d2:88,Ariel_University,[ESS],2017-12-04 14:45:46,11,-69,32.1030133333333,35.2088316666667,677.9,2.29999995231628,WIFI
1c:b9:c4:16:06:b8,Ariel_University,[ESS],2017-12-04 14:45:48,11,-88,32.10304,35.20883,678.2,2.29999995231628,WIFI
1c:b9:c4:15:1e:68,Ariel_University,[ESS],2017-12-04 14:45:50,1,-81,32.1030583333333,35.2088266666667,678.2,2.29999995231628,WIFI
1c:b9:c4:15:ed:78,Ariel_University,[ESS],2017-12-04 14:45:50,6,-80,32.1030583333333,35.2088266666667,678.2,2.29999995231628,WIFI
1c:b9:c4:16:04:78,Ariel_University,[ESS],2017-12-04 14:45:50,11,-78,32.1030583333333,35.2088266666667,678.2,2.29999995231628,WIFI
1c:b9:c4:15:3d:58,Ariel_University,[ESS],2017-12-04 14:45:50,11,-77,32.1030583333333,35.2088266666667,678.2,2.29999995231628,WIFI
ec:8c:a2:08:94:18,Ariel_University,[ESS],2017-12-04 14:45:50,1,-49,32.1030583333333,35.2088266666667,678.2,2.29999995231628,WIFI
f8:d1:11:77:77:c6,HelpDesk,[WPA-PSK-CCMP+TKIP][WPA2-PSK-CCMP+TKIP][ESS],2017-12-04 14:45:50,4,-61,32.1030583333333,35.2088266666667,678.2,2.29999995231628,WIFI
8c:0c:90:2d:75:e8,Ariel_University,[ESS],2017-12-04 14:45:50,1,-61,32.1030583333333,35.2088266666667,678.2,2.29999995231628,WIFI
1c:b9:c4:15:3a:38,Ariel_University,[ESS],2017-12-04 14:45:52,11,-80,32.1030883333333,35.2088333333333,678.4,2.29999995231628,WIFI
1c:b9:c4:15:1b:88,Ariel_University,[ESS],2017-12-04 14:45:52,11,-84,32.1030883333333,35.2088333333333,678.4,2.29999995231628,WIFI
1c:b9:c4:16:f1:98,Ariel_University,[ESS],2017-12-04 14:45:52,11,-76,32.1030883333333,35.2088333333333,678.4,2.29999995231628,WIFI
1c:b9:c4:12:7c:c8,Ariel_University,[ESS],2017-12-04 14:45:52,11,-49,32.1030883333333,35.2088333333333,678.4,2.29999995231628,WIFI
1c:b9:c4:16:11:a8,Ariel_University,[ESS],2017-12-04 14:45:54,1,-85,32.103115,35.2088333333333,678.2,2.29999995231628,WIFI
1c:b9:c4:14:2b:d8,Ariel_University,[ESS],2017-12-04 14:46:00,1,-81,32.1031833333333,35.2088333333333,677.1,2.40000009536743,WIFI
1c:b9:c4:16:06:b8,Ariel_University,[ESS],2017-12-04 14:47:33,11,-88,32.1040516666667,35.2094166666667,681.1,2.40000009536743,WIFI
1c:b9:c4:15:1c:b8,Ariel_University,[ESS],2017-12-04 14:47:33,1,-82,32.1040516666667,35.2094166666667,681.1,2.40000009536743,WIFI
1c:b9:c4:12:af:78,Ariel_University,[ESS],2017-12-04 14:47:33,11,-79,32.1040516666667,35.2094166666667,681.1,2.40000009536743,WIFI
1c:b9:c4:16:ed:38,Ariel_University,[ESS],2017-12-04 14:47:33,6,-81,32.1040516666667,35.2094166666667,681.1,2.40000009536743,WIFI
1c:b9:c4:14:30:38,Ariel_University,[ESS],2017-12-04 14:47:33,1,-83,32.1040516666667,35.2094166666667,681.1,2.40000009536743,WIFI
1c:b9:c4:14:2c:38,Ariel_University,[ESS],2017-12-04 14:47:33,6,-84,32.1040516666667,35.2094166666667,681.1,2.40000009536743,WIFI
1c:b9:c4:16:ee:98,Ariel_University,[ESS],2017-12-04 14:47:33,6,-81,32.1040516666667,35.2094166666667,681.1,2.40000009536743,WIFI
1c:b9:c4:15:3d:68,Ariel_University,[ESS],2017-12-04 14:47:33,6,-77,32.1040516666667,35.2094166666667,681.1,2.40000009536743,WIFI
1c:b9:c4:15:fd:48,Ariel_University,[ESS],2017-12-04 14:47:33,1,-86,32.1040516666667,35.2094166666667,681.1,2.40000009536743,WIFI
1c:b9:c4:16:f1:48,Ariel_University,[ESS],2017-12-04 14:47:33,1,-83,32.1040516666667,35.2094166666667,681.1,2.40000009536743,WIFI
ec:8c:a2:26:b1:78,Ariel_University,[ESS],2017-12-04 14:47:33,1,-82,32.1040516666667,35.2094166666667,681.1,2.40000009536743,WIFI
1c:b9:c4:16:f4:78,Ariel_University,[ESS],2017-12-04 14:47:33,1,-79,32.1040516666667,35.2094166666667,681.1,2.40000009536743,WIFI
1c:b9:c4:16:28:f8,Ariel_University,[ESS],2017-12-04 14:47:33,6,-83,32.1040516666667,35.2094166666667,681.1,2.40000009536743,WIFI
1c:b9:c4:14:2f:68,Ariel_University,[ESS],2017-12-04 14:47:33,6,-78,32.1040516666667,35.2094166666667,681.1,2.40000009536743,WIFI
1c:b9:c4:12:90:b8,Ariel_University,[ESS],2017-12-04 14:47:33,11,-69,32.1040516666667,35.2094166666667,681.1,2.40000009536743,WIFI
1c:b9:c4:14:33:c8,Ariel_University,[ESS],2017-12-04 14:47:33,11,-80,32.1040516666667,35.2094166666667,681.1,2.40000009536743,WIFI
1c:b9:c4:15:43:e8,Ariel_University,[ESS],2017-12-04 14:47:33,1,-77,32.1040516666667,35.2094166666667,681.1,2.40000009536743,WIFI
1c:b9:c4:16:f4:28,Ariel_University,[ESS],2017-12-04 14:47:33,11,-83,32.1040516666667,35.2094166666667,681.1,2.40000009536743,WIFI
1c:b9:c4:14:2c:18,Ariel_University,[ESS],2017-12-04 14:47:33,1,-86,32.1040516666667,35.2094166666667,681.1,2.40000009536743,WIFI
1c:b9:c4:16:d2:88,Ariel_University,[ESS],2017-12-04 14:47:33,11,-79,32.1040516666667,35.2094166666667,681.1,2.40000009536743,WIFI
1c:b9:c4:15:ec:38,Ariel_University,[ESS],2017-12-04 14:47:33,6,-84,32.1040516666667,35.2094166666667,681.1,2.40000009536743,WIFI
ec:8c:a2:08:78:c8,Ariel_University,[ESS],2017-12-04 14:47:33,6,-76,32.1040516666667,35.2094166666667,681.1,2.40000009536743,WIFI
1c:b9:c4:16:28:e8,Ariel_University,[ESS],2017-12-04 14:47:33,1,-75,32.1040516666667,35.2094166666667,681.1,2.40000009536743,WIFI
1c:b9:c4:16:f1:58,Ariel_University,[ESS],2017-12-04 14:47:33,6,-79,32.1040516666667,35.2094166666667,681.1,2.40000009536743,WIFI
24:79:2a:2c:3d:68,Ariel_University,[ESS],2017-12-04 14:47:33,6,-76,32.1040516666667,35.2094166666667,681.1,2.40000009536743,WIFI
1c:b9:c4:14:2b:88,Ariel_University,[ESS],2017-12-04 14:47:33,11,-81,32.1040516666667,35.2094166666667,681.1,2.40000009536743,WIFI
34:8f:27:20:8c:18,Ariel_University,[ESS],2017-12-04 14:47:33,6,-80,32.1040516666667,35.2094166666667,681.1,2.40000009536743,WIFI
ec:8c:a2:26:d3:68,Ariel_University,[ESS],2017-12-04 14:47:33,11,-36,32.1040516666667,35.2094166666667,681.1,2.40000009536743,WIFI
90:6c:ac:a0:3d:eb,Guest,[WPA2-PSK-CCMP-preauth][ESS],2017-12-04 14:47:33,3,-63,32.1040516666667,35.2094166666667,681.1,2.40000009536743,WIFI
a2:6c:ac:a0:3d:eb,giftwizard,[WPA2-PSK-CCMP-preauth][ESS],2017-12-04 14:47:33,3,-64,32.1040516666667,35.2094166666667,681.1,2.40000009536743,WIFI
b2:6c:ac:a0:3d:eb,sinusafe,[WPA2-PSK-CCMP-preauth][ESS],2017-12-04 14:47:33,3,-64,32.1040516666667,35.2094166666667,681.1,2.40000009536743,WIFI
b2:6c:ac:9f:fb:1f,iagree,[WPA2-PSK-CCMP-preauth][ESS],2017-12-04 14:47:33,1,-71,32.1040516666667,35.2094166666667,681.1,2.40000009536743,WIFI
b2:6c:ac:9f:f1:c5,paysday,[WPA2-PSK-CCMP-preauth][ESS],2017-12-04 14:47:33,2,-74,32.1040516666667,35.2094166666667,681.1,2.40000009536743,WIFI
90:6c:ac:9f:f1:c5,CliClap,[WPA2-PSK-CCMP-preauth][ESS],2017-12-04 14:47:33,2,-74,32.1040516666667,35.2094166666667,681.1,2.40000009536743,WIFI
a2:6c:ac:9f:f1:c5,Guest,[WPA2-PSK-CCMP-preauth][ESS],2017-12-04 14:47:33,2,-76,32.1040516666667,35.2094166666667,681.1,2.40000009536743,WIFI
ec:8c:a2:26:b0:e8,Ariel_University,[ESS],2017-12-04 14:47:33,6,-71,32.1040516666667,35.2094166666667,681.1,2.40000009536743,WIFI
42502_811_3868449,GOLAN T,UNKNOWN;il,2017-12-04 14:47:33,0,-87,32.1040516666667,35.2094166666667,681.1,2.40000009536743,GSM
b2:6c:ac:9f:fb:1f,iagree,[WPA2-PSK-CCMP-preauth][ESS],2017-12-04 14:48:05,1,-65,32.1044183333333,35.2096266666667,674.3,3.09999990463257,WIFI
a2:6c:ac:9f:f1:c5,Guest,[WPA2-PSK-CCMP-preauth][ESS],2017-12-04 14:48:05,2,-71,32.1044183333333,35.2096266666667,674.3,3.09999990463257,WIFI
a2:6c:ac:9f:fb:1f,Neuropplied,[WPA2-PSK-CCMP-preauth][ESS],2017-12-04 14:48:05,1,-65,32.1044183333333,35.2096266666667,674.3,3.09999990463257,WIFI
90:6c:ac:9f:fb:1f,Guest,[WPA2-PSK-CCMP-preauth][ESS],2017-12-04 14:48:05,1,-67,32.1044183333333,35.2096266666667,674.3,3.09999990463257,WIFI
b2:6c:ac:a0:7b:4d,magneto,[WPA2-PSK-CCMP-preauth][ESS],2017-12-04 14:48:05,11,-74,32.1044183333333,35.2096266666667,674.3,3.09999990463257,WIFI
d0:bf:9c:db:31:30,HP-Print-30-Officejet 7610,[WPA2-PSK-CCMP][ESS],2017-12-04 14:48:05,6,-75,32.1044183333333,35.2096266666667,674.3,3.09999990463257,WIFI
1c:b9:c4:14:62:48,Ariel_University,[ESS],2017-12-04 14:48:05,11,-63,32.1044183333333,35.2096266666667,674.3,3.09999990463257,WIFI
1c:b9:c4:16:05:38,Ariel_University,[ESS],2017-12-04 14:48:05,11,-81,32.1044183333333,35.2096266666667,674.3,3.09999990463257,WIFI
34:8f:27:20:89:b8,Ariel_University,[ESS],2017-12-04 14:48:05,6,-67,32.1044183333333,35.2096266666667,674.3,3.09999990463257,WIFI
90:6c:ac:a0:18:29,Guest,[WPA2-PSK-CCMP-preauth][ESS],2017-12-04 14:48:05,6,-58,32.1044183333333,35.2096266666667,674.3,3.09999990463257,WIFI
b2:6c:ac:a0:18:29,restore,[WPA2-PSK-CCMP-preauth][ESS],2017-12-04 14:48:05,6,-65,32.1044183333333,35.2096266666667,674.3,3.09999990463257,WIFI
a2:6c:ac:a0:7b:4d,Guest,[WPA2-PSK-CCMP-preauth][ESS],2017-12-04 14:48:05,11,-73,32.1044183333333,35.2096266666667,674.3,3.09999990463257,WIFI
90:6c:ac:a0:7b:4d,EVE,[WPA2-PSK-CCMP-preauth][ESS],2017-12-04 14:48:05,11,-73,32.1044183333333,35.2096266666667,674.3,3.09999990463257,WIFI
a0:8c:fd:8c:79:6f,DIRECT-6E-HP DeskJet 3630 series,[WPA2-PSK-CCMP][ESS],2017-12-04 14:48:05,6,-76,32.1044183333333,35.2096266666667,674.3,3.09999990463257,WIFI
c4:12:f5:fd:6a:74,mati-sh1,[WPA2-PSK-CCMP][ESS],2017-12-04 14:48:05,9,-77,32.1044183333333,35.2096266666667,674.3,3.09999990463257,WIFI
a2:6c:ac:a0:60:4d,incentive2,[WPA2-PSK-CCMP-preauth][ESS],2017-12-04 14:48:05,1,-80,32.1044183333333,35.2096266666667,674.3,3.09999990463257,WIFI
90:6c:ac:a0:60:4d,Guest,[WPA2-PSK-CCMP-preauth][ESS],2017-12-04 14:48:05,1,-81,32.1044183333333,35.2096266666667,674.3,3.09999990463257,WIFI
90:8d:78:54:6b:4d,Salomon,[WPA2-PSK-CCMP][ESS],2017-12-04 14:48:05,1,-83,32.1044183333333,35.2096266666667,674.3,3.09999990463257,WIFI
24:79:2a:2c:5b:d8,Ariel_University,[ESS],2017-12-04 14:48:05,1,-70,32.1044183333333,35.2096266666667,674.3,3.09999990463257,WIFI
74:ea:3a:ad:d1:50,TP-LINK_ADD150,[WPS][ESS],2017-12-04 14:48:05,4,-75,32.1044183333333,35.2096266666667,674.3,3.09999990463257,WIFI
42502_811_3868449,GOLAN T,UNKNOWN;il,2017-12-04 14:48:05,0,-81,32.1044183333333,35.2096266666667,674.3,3.09999990463257,GSM
a0:8c:fd:8c:79:6f,DIRECT-6E-HP DeskJet 3630 series,[WPA2-PSK-CCMP][ESS],2017-12-04 14:48:09,6,-65,32.1044116666667,35.209655,673.9,3.09999990463257,WIFI
a2:6c:ac:a0:18:29,artsim,[WPA2-PSK-CCMP-preauth][ESS],2017-12-04 14:48:09,6,-61,32.1044116666667,35.209655,673.9,3.09999990463257,WIFI
dc:4a:3e:cd:88:25,DIRECT-25-HP DeskJet 3830 series,[WPA2-PSK-CCMP][WPS][ESS],2017-12-04 14:48:09,6,-76,32.1044116666667,35.209655,673.9,3.09999990463257,WIFI
c2:6c:ac:a0:7b:4d,outsense,[WPA2-PSK-CCMP-preauth][ESS],2017-12-04 14:48:09,11,-77,32.1044116666667,35.209655,673.9,3.09999990463257,WIFI
74:ea:3a:ad:d1:50,TP-LINK_ADD150,[WPS][ESS],2017-12-04 14:48:12,4,-68,32.1044116666667,35.209655,673.9,3.29999995231628,WIFI
90:8d:78:54:6b:4d,Salomon,[WPA2-PSK-CCMP][ESS],2017-12-04 14:48:15,1,-77,32.1044116666667,35.209655,673.9,3.20000004768372,WIFI
74:ea:3a:ad:d1:50,TP-LINK_ADD150,[WPS][ESS],2017-12-04 14:48:15,4,-59,32.1044116666667,35.209655,673.9,3.20000004768372,WIFI
70:5a:0f:57:42:43,DIRECT-42-HP DeskJet 3830 series,[WPA2-PSK-CCMP][WPS][ESS],2017-12-04 14:48:15,11,-75,32.1044116666667,35.209655,673.9,3.20000004768372,WIFI
f8:e9:03:12:ef:3b,ShapeDo,[WPA2-PSK-CCMP][ESS],2017-12-04 14:48:15,11,-76,32.1044116666667,35.209655,673.9,3.20000004768372,WIFI
70:5a:0f:57:04:17,DIRECT-B1-HP DeskJet 3830 series,[WPA2-PSK-CCMP][WPS][ESS],2017-12-04 14:48:15,11,-87,32.1044116666667,35.209655,673.9,3.20000004768372,WIFI
1c:b9:c4:16:05:38,Ariel_University,[ESS],2017-12-04 14:48:16,11,-73,32.1044416666667,35.2097283333333,674.5,3.09999990463257,WIFI
90:6c:ac:a0:60:4d,Guest,[WPA2-PSK-CCMP-preauth][ESS],2017-12-04 14:48:16,1,-74,32.1044416666667,35.2097283333333,674.5,3.09999990463257,WIFI
1c:b9:c4:15:34:b8,Ariel_University,[ESS],2017-12-04 14:48:16,6,-89,32.1044416666667,35.2097283333333,674.5,3.09999990463257,WIFI
a2:6c:ac:a0:60:4d,incentive2,[WPA2-PSK-CCMP-preauth][ESS],2017-12-04 14:48:18,1,-74,32.1044666666667,35.2097566666667,672.9,3,WIFI
30:e1:71:0d:e0:67,DIRECT-66-HP DeskJet 3630 series,[WPA2-PSK-CCMP][ESS],2017-12-04 14:48:18,6,-76,32.1044666666667,35.2097566666667,672.9,3,WIFI
70:5a:0f:57:04:17,DIRECT-B1-HP DeskJet 3830 series,[WPA2-PSK-CCMP][WPS][ESS],2017-12-04 14:48:18,11,-74,32.1044666666667,35.2097566666667,672.9,3,WIFI
40:a5:ef:7a:17:f2,2.4V1,[WPA2-PSK-CCMP][WPS][ESS],2017-12-04 14:48:18,6,-77,32.1044666666667,35.2097566666667,672.9,3,WIFI
00:27:22:f3:bb:2b,,[ESS],2017-12-04 14:48:18,11,-82,32.1044666666667,35.2097566666667,672.9,3,WIFI
1c:b9:c4:16:2d:e8,Ariel_University,[ESS],2017-12-04 14:48:18,11,-84,32.1044666666667,35.2097566666667,672.9,3,WIFI
a2:6c:ac:a0:60:4d,incentive2,[WPA2-PSK-CCMP-preauth][ESS],2017-12-04 14:48:20,1,-63,32.104475,35.2098,671.5,2.90000009536743,WIFI
90:6c:ac:a0:60:4d,Guest,[WPA2-PSK-CCMP-preauth][ESS],2017-12-04 14:48:20,1,-65,32.104475,35.2098,671.5,2.90000009536743,WIFI
c2:6c:ac:a0:7b:4d,outsense,[WPA2-PSK-CCMP-preauth][ESS],2017-12-04 14:48:22,11,-70,32.104495,35.2098266666667,670.4,3,WIFI
c2:6c:ac:9f:fb:1f,shapedo,[WPA2-PSK-CCMP-preauth][ESS],2017-12-04 14:48:22,1,-80,32.104495,35.2098266666667,670.4,3,WIFI
b2:6c:ac:a0:7b:4d,magneto,[WPA2-PSK-CCMP-preauth][ESS],2017-12-04 14:48:23,11,-69,32.1045116666667,35.2098366666667,670,3.09999990463257,WIFI
00:11:6b:2a:90:3c,Cartiheal,[WPA-PSK-CCMP+TKIP][WPA2-PSK-CCMP+TKIP][WPS][ESS],2017-12-04 14:48:23,11,-73,32.1045116666667,35.2098366666667,670,3.09999990463257,WIFI
70:5a:0f:57:04:17,DIRECT-B1-HP DeskJet 3830 series,[WPA2-PSK-CCMP][WPS][ESS],2017-12-04 14:48:25,11,-67,32.104545,35.2098583333333,669.4,3.09999990463257,WIFI
b2:6c:ac:a0:7b:4d,magneto,[WPA2-PSK-CCMP-preauth][ESS],2017-12-04 14:48:26,11,-60,32.104555,35.20987,669.2,3.09999990463257,WIFI
a2:6c:ac:a0:7b:4d,Guest,[WPA2-PSK-CCMP-preauth][ESS],2017-12-04 14:48:26,11,-58,32.104555,35.20987,669.2,3.09999990463257,WIFI
90:6c:ac:a0:7b:4d,EVE,[WPA2-PSK-CCMP-preauth][ESS],2017-12-04 14:48:26,11,-59,32.104555,35.20987,669.2,3.09999990463257,WIFI
a2:6c:ac:a0:60:4d,incentive2,[WPA2-PSK-CCMP-preauth][ESS],2017-12-04 14:48:26,1,-51,32.104555,35.20987,669.2,3.09999990463257,WIFI
c2:6c:ac:a0:7b:4d,outsense,[WPA2-PSK-CCMP-preauth][ESS],2017-12-04 14:48:26,11,-61,32.104555,35.20987,669.2,3.09999990463257,WIFI
70:5a:0f:57:42:43,DIRECT-42-HP DeskJet 3830 series,[WPA2-PSK-CCMP][WPS][ESS],2017-12-04 14:48:26,11,-65,32.104555,35.20987,669.2,3.09999990463257,WIFI
70:5a:0f:57:04:17,DIRECT-B1-HP DeskJet 3830 series,[WPA2-PSK-CCMP][WPS][ESS],2017-12-04 14:48:26,11,-61,32.104555,35.20987,669.2,3.09999990463257,WIFI
90:6c:ac:a0:60:4d,Guest,[WPA2-PSK-CCMP-preauth][ESS],2017-12-04 14:48:26,1,-46,32.104555,35.20987,669.2,3.09999990463257,WIFI
00:11:6b:2a:90:3c,Cartiheal,[WPA-PSK-CCMP+TKIP][WPA2-PSK-CCMP+TKIP][WPS][ESS],2017-12-04 14:48:26,11,-67,32.104555,35.20987,669.2,3.09999990463257,WIFI
a2:6c:ac:a0:60:4d,incentive2,[WPA2-PSK-CCMP-preauth][ESS],2017-12-04 14:48:27,1,-40,32.10455,35.2098816666667,668.7,3.09999990463257,WIFI
70:5a:0f:57:04:17,DIRECT-B1-HP DeskJet 3830 series,[WPA2-PSK-CCMP][WPS][ESS],2017-12-04 14:48:27,11,-55,32.10455,35.2098816666667,668.7,3.09999990463257,WIFI
90:6c:ac:a0:60:4d,Guest,[WPA2-PSK-CCMP-preauth][ESS],2017-12-04 14:48:27,1,-39,32.10455,35.2098816666667,668.7,3.09999990463257,WIFI
1c:b9:c4:15:34:b8,Ariel_University,[ESS],2017-12-04 14:48:27,6,-84,32.10455,35.2098816666667,668.7,3.09999990463257,WIFI
1c:b9:c4:15:44:58,Ariel_University,[ESS],2017-12-04 14:48:27,11,-71,32.10455,35.2098816666667,668.7,3.09999990463257,WIFI
c2:6c:ac:9f:fb:1f,shapedo,[WPA2-PSK-CCMP-preauth][ESS],2017-12-04 14:48:28,1,-70,32.10456,35.209895,668.8,3,WIFI
00:11:6b:11:7d:c7,yosh,[ESS],2017-12-04 14:48:28,13,-84,32.10456,35.209895,668.8,3,WIFI
1c:b9:c4:16:2d:e8,Ariel_University,[ESS],2017-12-04 14:48:29,11,-78,32.10457,35.209905,668.7,3,WIFI
00:11:6b:11:7d:c7,yosh,[ESS],2017-12-04 14:48:31,13,-79,32.1045816666667,35.2099266666667,668.6,3,WIFI
42502_811_3868447,GOLAN T,UNKNOWN;il,2017-12-04 14:48:31,0,-99,32.1045816666667,35.2099266666667,668.6,3,GSM
1c:b9:c4:16:2d:e8,Ariel_University,[ESS],2017-12-04 14:48:38,11,-73,32.104575,35.20994,668.5,1.60000002384186,WIFI
8c:0c:90:6f:36:58,,[WPA2-PSK-CCMP][ESS],2017-12-04 14:48:38,1,-80,32.104575,35.20994,668.5,1.60000002384186,WIFI
1c:b9:c4:16:12:68,Ariel_University,[ESS],2017-12-04 14:48:38,11,-73,32.104575,35.20994,668.5,1.60000002384186,WIFI
8c:0c:90:2f:36:58,Ariel_University,[ESS],2017-12-04 14:48:38,1,-76,32.104575,35.20994,668.5,1.60000002384186,WIFI
1c:b9:c4:15:20:38,Ariel_University,[ESS],2017-12-04 14:48:38,11,-77,32.104575,35.20994,668.5,1.60000002384186,WIFI
00:11:6b:11:7e:0c,yosh,[ESS],2017-12-04 14:48:39,1,-81,32.104575,35.20994,668.5,1.70000004768372,WIFI
1c:b9:c4:15:23:58,Ariel_University,[ESS],2017-12-04 14:48:42,6,-76,32.104575,35.20994,668.5,1.89999997615814,WIFI
1c:b9:c4:15:34:b8,Ariel_University,[ESS],2017-12-04 14:48:45,6,-77,32.104575,35.20994,668.5,2.20000004768372,WIFI
8c:0c:90:2f:36:58,Ariel_University,[ESS],2017-12-04 14:48:45,1,-65,32.104575,35.20994,668.5,2.20000004768372,WIFI
42502_811_3868447,GOLAN T,UNKNOWN;il,2017-12-04 14:48:45,0,-93,32.104575,35.20994,668.5,2.20000004768372,GSM
c4:12:f5:fd:6a:74,mati-sh1,[WPA2-PSK-CCMP][ESS],2017-12-04 14:48:48,9,-72,32.104575,35.20994,668.5,2.29999995231628,WIFI
08:ed:b9:3d:8f:4b,HP-Print-4b-LaserJet 400,[ESS],2017-12-04 14:48:48,6,-82,32.104575,35.20994,668.5,2.29999995231628,WIFI
ec:8c:a2:26:d3:68,Ariel_University,[ESS],2017-12-04 14:50:21,11,-79,32.104895,35.21058,669.2,2.70000004768372,WIFI
b2:6c:ac:9f:f1:c5,paysday,[WPA2-PSK-CCMP-preauth][ESS],2017-12-04 14:50:21,2,-79,32.104895,35.21058,669.2,2.70000004768372,WIFI
1c:b9:c4:15:25:48,Ariel_University,[ESS],2017-12-04 14:50:21,1,-69,32.104895,35.21058,669.2,2.70000004768372,WIFI
8c:0c:90:2d:34:38,Ariel_University,[ESS],2017-12-04 14:50:21,11,-65,32.104895,35.21058,669.2,2.70000004768372,WIFI
90:6c:ac:9f:f1:c5,CliClap,[WPA2-PSK-CCMP-preauth][ESS],2017-12-04 14:50:21,2,-83,32.104895,35.21058,669.2,2.70000004768372,WIFI
1c:b9:c4:16:05:78,Ariel_University,[ESS],2017-12-04 14:50:21,6,-68,32.104895,35.21058,669.2,2.70000004768372,WIFI
1c:b9:c4:16:e8:f8,Ariel_University,[ESS],2017-12-04 14:50:21,11,-85,32.104895,35.21058,669.2,2.70000004768372,WIFI
1c:b9:c4:14:2b:c8,Ariel_University,[ESS],2017-12-04 14:50:21,6,-73,32.104895,35.21058,669.2,2.70000004768372,WIFI
1c:b9:c4:15:42:68,Ariel_University,[ESS],2017-12-04 14:50:21,11,-80,32.104895,35.21058,669.2,2.70000004768372,WIFI
1c:b9:c4:16:05:38,Ariel_University,[ESS],2017-12-04 14:50:53,11,-68,32.1048,35.2102683333333,663.8,3,WIFI
8c:0c:90:6f:36:58,,[WPA2-PSK-CCMP][ESS],2017-12-04 14:50:53,1,-74,32.1048,35.2102683333333,663.8,3,WIFI
f8:e9:03:12:ef:3b,ShapeDo,[WPA2-PSK-CCMP][ESS],2017-12-04 14:51:14,11,-70,32.1047116666667,35.2100766666667,662.5,2.29999995231628,WIFI
1c:b9:c4:14:30:08,Ariel_University,[ESS],2017-12-04 14:51:14,1,-86,32.1047116666667,35.2100766666667,662.5,2.29999995231628,WIFI
00:25:86:cc:00:f8,AUC_54_R,[ESS],2017-12-04 14:51:20,5,-84,32.104675,35.2099783333333,663.6,2.70000004768372,WIFI
90:6c:ac:9f:f1:c5,CliClap,[WPA2-PSK-CCMP-preauth][ESS],2017-12-04 14:51:27,2,-78,32.104595,35.2098666666667,665.1,2.79999995231628,WIFI
ec:8c:a2:26:d3:68,Ariel_University,[ESS],2017-12-04 14:51:50,11,-70,32.1043833333333,35.20963,668.1,2.70000004768372,WIFI
ec:8c:a2:26:d2:c8,Ariel_University,[ESS],2017-12-04 14:51:54,11,-86,32.104355,35.2096,667.9,2.70000004768372,WIFI
1c:b9:c4:15:25:48,Ariel_University,[ESS],2017-12-04 14:51:57,1,-82,32.1043266666667,35.2095516666667,667.7,2.70000004768372,WIFI
1c:b9:c4:16:05:78,Ariel_University,[ESS],2017-12-04 14:51:57,6,-82,32.1043266666667,35.2095516666667,667.7,2.70000004768372,WIFI
1c:b9:c4:15:42:68,Ariel_University,[ESS],2017-12-04 14:51:57,11,-80,32.1043266666667,35.2095516666667,667.7,2.70000004768372,WIFI
b2:6c:ac:9f:f1:c5,paysday,[WPA2-PSK-CCMP-preauth][ESS],2017-12-04 14:51:57,2,-76,32.1043266666667,35.2095516666667,667.7,2.70000004768372,WIFI
00:25:86:cc:07:b2,KCG_54,[ESS],2017-12-04 14:51:57,2,-85,32.1043266666667,35.2095516666667,667.7,2.70000004768372,WIFI
ec:8c:a2:26:d3:68,Ariel_University,[ESS],2017-12-04 14:52:04,11,-63,32.1042666666667,35.2095083333333,666.7,2.70000004768372,WIFI
ec:8c:a2:26:d3:68,Ariel_University,[ESS],2017-12-04 14:52:09,11,-47,32.1042116666667,35.2094433333333,666.5,2.70000004768372,WIFI
1c:b9:c4:16:cc:d8,Ariel_University,[ESS],2017-12-04 14:52:14,1,-67,32.1041583333333,35.2093533333333,666.6,2.29999995231628,WIFI
10:be:f5:40:45:18,Bezeq_WiFi,[ESS],2017-12-04 14:52:16,9,-86,32.1041316666667,35.2093266666667,666.6,2.09999990463257,WIFI
1c:b9:c4:16:1d:78,Ariel_University,[ESS],2017-12-04 14:52:18,1,-77,32.1041116666667,35.2093133333333,666.9,2.09999990463257,WIFI
8c:0c:90:ae:16:83,,[WPA2-PSK-CCMP][ESS],2017-12-04 14:52:21,11,-80,32.1041016666667,35.2093033333333,667,2.20000004768372,WIFI
